{"indexUpdatedAt": 1533680325, "rowClass": "", "metadata": {"rdfSubject": "0", "rdfClass": "", "custom_fields": {"Local Data": {"County Filter": "Yes", "County_Column": "county"}, "Common Core": {"Publisher": "State of New York", "Contact Name": "Open Data NY", "Contact Email": "opendata@its.ny.gov"}, "Disclaimers": {"Limitations": "This dataset includes timely filed taxpayers."}, "Additional Resources": {"See Also ": "http://www.tax.ny.gov/forms/income_cur_forms.htm", "See Also": "http://www.tax.ny.gov/research/stats/statistics/collect_policy_stat_reports.htm"}, "Dataset Summary": {"Data Frequency": "Annually", "Coverage": "Statewide", "Granularity": "Place of Residence", "Time Period": "Beginning Tax Year 1999 and forward", "Organization": "Office of Tax Policy Analysis", "Dataset Owner": "New York State Department of Taxation and Finance", "Contact Information": "OTPA.OpenNYData@tax.ny.gov", "Posting Frequency": "Static - Not Updated"}, "Dataset Information": {"Agency": "Taxation and Finance, Department of"}}, "attachments": [{"filename": "NYSTF_IncomeTaxComponents_Overview.pdf", "blobId": "", "assetId": "Ru8utycvbmUWNF2ZIYcSW9vyDquVPlpYXzpnHb3yM9o", "name": "NYSTF_IncomeTaxComponents_Overview.pdf"}, {"filename": "NYSTF_IncomeTaxComponents_DataDictionary.pdf", "blobId": "", "assetId": "iF1V9wNKhkaGUJh1XTQ2G6mtLWIbvU_dQiNoknKl-mU", "name": "NYSTF_IncomeTaxComponents_DataDictionary.pdf"}, {"filename": "NYSTF_IncomeTaxComponents_Benefits_Research.pdf", "blobId": "", "assetId": "H2CJpvoXH3CiLSsvqeB2c11zQoZuufZtO-b0oCSARjY", "name": "NYSTF_IncomeTaxComponents_Benefits_Research.pdf"}, {"filename": "NYSTF_PlaceOfResidence_Introduction.pdf", "blobId": "", "assetId": "B-txlFmvZs3bl0t7RCOl4a5-_23q2STVPU8YY1eygBc", "name": "NYSTF_PlaceOfResidence_Introduction.pdf"}], "renderTypeConfig": {"visible": {"table": true}}, "rowIdentifier": "0", "availableDisplayTypes": ["table", "fatrow", "page"], "jsonQuery": {"order": [{"columnFieldName": "tax_year", "ascending": false}, {"columnFieldName": "place_of_residence_sort_order", "ascending": true}, {"columnFieldName": "income_class_sort_order", "ascending": true}]}, "rowLabel": "Row"}, "totalTimesRated": 0, "attribution": "New York State Department of Taxation and Finance", "tableId": 14029290, "columns": [{"position": 1, "description": "Tax Year", "id": 289107601, "dataTypeName": "number", "renderTypeName": "number", "tableColumnId": 19241443, "cachedContents": {"largest": "2014", "non_null": 23735, "average": "2007.220644617653", "null": 0, "smallest": "1999", "top": [{"count": 20, "item": "2012"}, {"count": 19, "item": "2011"}, {"count": 18, "item": "2010"}, {"count": 17, "item": "2004"}, {"count": 16, "item": "2003"}, {"count": 15, "item": "2002"}, {"count": 14, "item": "2001"}, {"count": 13, "item": "2000"}, {"count": 12, "item": "1999"}, {"count": 11, "item": "2009"}, {"count": 10, "item": "2008"}, {"count": 9, "item": "2007"}, {"count": 8, "item": "2006"}, {"count": 7, "item": "2005"}, {"count": 6, "item": "2013"}, {"count": 5, "item": "2014"}], "sum": "47641382"}, "format": {"align": "center", "precisionStyle": "standard", "noCommas": "true"}, "fieldName": "tax_year", "name": "Tax Year", "width": 149}, {"position": 2, "description": "Type of resident: Full-Year Resident, Full-Year Nonresident, Part-Year Nonresident", "id": 289107602, "dataTypeName": "text", "renderTypeName": "text", "tableColumnId": 19241444, "cachedContents": {"largest": "Part-Year Resident", "non_null": 23735, "null": 0, "smallest": "Full-Year Nonresident", "top": [{"count": 20, "item": "Full-Year Resident"}, {"count": 19, "item": "Full-Year Nonresident"}, {"count": 18, "item": "Part-Year Resident"}]}, "format": {"align": "left"}, "fieldName": "resident_type", "name": "Resident Type", "width": 176}, {"position": 3, "description": "Name of the New York State County, State or\nCountry of Residence.\n\nNote: for Full-Year Nonresidents, the data may not be consistently available.\n\n+  Resident returns that could not be classified by county;\n\n++  Includes resident tax returns with an out- of-state address;\n\n+++ Includes other foreign countries;\n\n++++ Includes unclassified and individuals filing a nonresident tax return but\ncontaining a New York address\n", "id": 289107603, "dataTypeName": "text", "renderTypeName": "text", "tableColumnId": 19241445, "cachedContents": {"largest": " Yates ", "non_null": 23735, "null": 0, "smallest": "A.P.O./F.P.O", "top": [{"count": 20, "item": "North Carolina"}, {"count": 19, "item": "North Dakota"}, {"count": 18, "item": "Ohio"}, {"count": 17, "item": "Oklahoma"}, {"count": 16, "item": "Oregon"}, {"count": 15, "item": "Pennsylvania"}, {"count": 14, "item": "Rhode Island"}, {"count": 13, "item": "South Carolina"}, {"count": 12, "item": "South Dakota"}, {"count": 11, "item": "Tennessee"}, {"count": 10, "item": "Texas"}, {"count": 9, "item": "Utah"}, {"count": 8, "item": "Vermont"}, {"count": 7, "item": "Virginia"}, {"count": 6, "item": "Washington"}, {"count": 5, "item": "West Virginia"}, {"count": 4, "item": "Wisconsin"}, {"count": 3, "item": "Wyoming"}, {"count": 2, "item": "A.P.O./F.P.O"}, {"count": 1, "item": "Canada"}]}, "format": {"align": "left"}, "fieldName": "place_of_residence", "name": "Place of Residence", "width": 316}, {"position": 4, "description": "Name of Country.  \n+++ Includes other foreign countries; \n++++ Includes unclassified and individuals filing a nonresident tax return but containing a New York address", "id": 289107604, "dataTypeName": "text", "renderTypeName": "text", "tableColumnId": 19241446, "cachedContents": {"largest": "United States", "non_null": 23735, "null": 0, "smallest": "A.P.O./F.P.O", "top": [{"count": 20, "item": "United States"}, {"count": 19, "item": "A.P.O./F.P.O"}, {"count": 18, "item": "Canada"}, {"count": 17, "item": "China"}, {"count": 16, "item": "France"}, {"count": 15, "item": "Germany"}, {"count": 14, "item": "India"}, {"count": 13, "item": "Ireland"}, {"count": 12, "item": "Israel"}, {"count": 11, "item": "Italy"}, {"count": 10, "item": "Japan"}, {"count": 9, "item": "Mexico"}, {"count": 8, "item": "Puerto Rico"}, {"count": 7, "item": "S. Korea"}, {"count": 6, "item": "United Kingdom"}, {"count": 5, "item": "All Other Countries +++"}, {"count": 4, "item": "Residence Unknown ++++"}, {"count": 3, "item": "All"}]}, "format": {"align": "left"}, "fieldName": "country", "name": "Country", "width": 184}, {"position": 5, "description": "Name of State", "id": 289107605, "dataTypeName": "text", "renderTypeName": "text", "tableColumnId": 19241447, "cachedContents": {"largest": "Wyoming", "non_null": 23735, "null": 0, "smallest": "Alabama", "top": [{"count": 20, "item": "New York"}, {"count": 19, "item": "Not Applicable"}, {"count": 18, "item": "All - Excluding New York"}, {"count": 17, "item": "Maine"}, {"count": 16, "item": "Maryland"}, {"count": 15, "item": "Massachusetts"}, {"count": 14, "item": "Michigan"}, {"count": 13, "item": "Minnesota"}, {"count": 12, "item": "Missouri"}, {"count": 11, "item": "Nevada"}, {"count": 10, "item": "New Hampshire"}, {"count": 9, "item": "New Jersey"}, {"count": 8, "item": "North Carolina"}, {"count": 7, "item": "Ohio"}, {"count": 6, "item": "Pennsylvania"}, {"count": 5, "item": "Rhode Island"}, {"count": 4, "item": "South Carolina"}, {"count": 3, "item": "Tennessee"}, {"count": 2, "item": "Texas"}, {"count": 1, "item": "Vermont"}]}, "format": {"align": "left"}, "fieldName": "state", "name": "State", "width": 159}, {"position": 6, "description": "Name of State.  \n+ Resident returns that could not be classified by county;\n++ Includes resident tax returns with an out-of-state address", "id": 289107606, "dataTypeName": "text", "renderTypeName": "text", "tableColumnId": 19241448, "cachedContents": {"largest": "Yates", "non_null": 23735, "null": 0, "smallest": "Albany", "top": [{"count": 20, "item": "All"}, {"count": 19, "item": "Not Applicable"}, {"count": 18, "item": "Monroe"}, {"count": 17, "item": "Montgomery"}, {"count": 16, "item": "Nassau"}, {"count": 15, "item": "Niagara"}, {"count": 14, "item": "Oneida"}, {"count": 13, "item": "Onondaga"}, {"count": 12, "item": "Ontario"}, {"count": 11, "item": "Orange"}, {"count": 10, "item": "Orleans"}, {"count": 9, "item": "Oswego"}, {"count": 8, "item": "Otsego"}, {"count": 7, "item": "Putnam"}, {"count": 6, "item": "Rensselaer"}, {"count": 5, "item": "Rockland"}, {"count": 4, "item": "St. Lawrence"}, {"count": 3, "item": "Saratoga"}, {"count": 2, "item": "Schenectady"}, {"count": 1, "item": "Schoharie"}]}, "format": {"align": "left"}, "fieldName": "county", "name": "County", "width": 137}, {"position": 7, "description": "New York Adjusted Gross Income ranges. Note: the income ranges changed between tax years 2006 and 2007.  Note: If income ranges do not appear, the values in that range are all zeros.", "id": 289107607, "dataTypeName": "text", "renderTypeName": "text", "tableColumnId": 19241449, "cachedContents": {"largest": "Under 5,000", "non_null": 23735, "null": 0, "smallest": "10,000 - 19,999", "top": [{"count": 20, "item": "Under 5,000"}, {"count": 19, "item": "5,000 - 9,999"}, {"count": 18, "item": "10,000 - 19,999"}, {"count": 17, "item": "20,000 - 29,999"}, {"count": 16, "item": "30,000 - 39,999"}, {"count": 15, "item": "40,000 - 49,999"}, {"count": 14, "item": "50,000 - 59,999"}, {"count": 13, "item": "60,000 - 74,999"}, {"count": 12, "item": "75,000 - 99,999"}, {"count": 11, "item": "100,000 - 199,999"}, {"count": 10, "item": "200,000 - 249,999"}, {"count": 9, "item": "250,000 - 499,999"}, {"count": 8, "item": "500,000 and over"}, {"count": 7, "item": "Total"}, {"count": 6, "item": "200,000 and over"}]}, "format": {"align": "left"}, "fieldName": "income_class", "name": "Income Class", "width": 192}, {"position": 8, "description": "Identifies whether the data in the next 7 columns have a value, but is not reported.\nd/ - Tax Law secrecy provisions prohibit the disclosure of the data", "id": 289107608, "dataTypeName": "text", "renderTypeName": "text", "tableColumnId": 19241450, "cachedContents": {"largest": "d/", "non_null": 296, "null": 23439, "smallest": "d/", "top": [{"count": 20, "item": "d/"}]}, "format": {"align": "left"}, "fieldName": "disclosure", "name": "Disclosure", "width": 171}, {"position": 9, "description": "Count of the number of return filings (note: married filing joint returns count as one)", "id": 289107609, "dataTypeName": "number", "renderTypeName": "number", "tableColumnId": 19241451, "cachedContents": {"largest": "9082186", "non_null": 23439, "average": "25312.40709927898", "null": 296, "smallest": "0", "top": [{"count": 20, "item": "15"}, {"count": 19, "item": "21"}, {"count": 18, "item": "13"}, {"count": 17, "item": "52417"}, {"count": 16, "item": "48930"}, {"count": 15, "item": "46634"}, {"count": 14, "item": "43978"}, {"count": 13, "item": "59671"}, {"count": 12, "item": "83856"}, {"count": 11, "item": "193251"}, {"count": 10, "item": "48349"}, {"count": 9, "item": "94546"}, {"count": 8, "item": "100262"}, {"count": 7, "item": "940499"}, {"count": 6, "item": "16632"}, {"count": 5, "item": "19424"}, {"count": 4, "item": "39174"}, {"count": 3, "item": "32209"}, {"count": 2, "item": "23801"}, {"count": 1, "item": "18880"}], "sum": "593297510"}, "format": {"align": "right", "precisionStyle": "standard", "noCommas": "false"}, "fieldName": "number_of_all_returns", "name": "Number of All Returns", "width": 228}, {"position": 10, "description": "New York Adjusted Gross Income from return filings.  \n* New York Adjusted Gross Income on resident tax forms and Federal source New York Adjusted Gross Income (includes non-New York income) on non-resident tax forms", "id": 289107610, "dataTypeName": "number", "renderTypeName": "number", "tableColumnId": 19241452, "cachedContents": {"largest": "673659471.952", "non_null": 23439, "average": "2137719.022704126", "null": 296, "smallest": "-13701668", "top": [{"count": 20, "item": "-11194646.190"}, {"count": 19, "item": "278415.607"}, {"count": 18, "item": "894232.056"}, {"count": 17, "item": "1305778.744"}, {"count": 16, "item": "1709520.911"}, {"count": 15, "item": "2096476.824"}, {"count": 14, "item": "2415806.579"}, {"count": 13, "item": "4019822.730"}, {"count": 12, "item": "7296698.331"}, {"count": 11, "item": "27531868.866"}, {"count": 10, "item": "10789730.361"}, {"count": 9, "item": "32766932.635"}, {"count": 8, "item": "332967866.714"}, {"count": 7, "item": "412878504.168"}, {"count": 6, "item": "-111102.320"}, {"count": 5, "item": "147512.785"}, {"count": 4, "item": "584808.521"}, {"count": 3, "item": "797485.112"}, {"count": 2, "item": "827238.604"}, {"count": 1, "item": "846466.069"}], "sum": "50105996173.162"}, "format": {"precision": "0", "align": "right", "precisionStyle": "standard", "noCommas": "false"}, "fieldName": "ny_agi_of_all_returns_in_thousands", "name": "NY AGI of All Returns (in thousands) *", "width": 318}, {"position": 11, "description": "Deductions from return filings", "id": 289107611, "dataTypeName": "number", "renderTypeName": "number", "tableColumnId": 19241453, "cachedContents": {"largest": "109262827", "non_null": 23439, "average": "322900.5164532617", "null": 296, "smallest": "0", "top": [{"count": 20, "item": "78870.688"}, {"count": 19, "item": "195766.085"}, {"count": 18, "item": "452447.655"}, {"count": 17, "item": "479998.855"}, {"count": 16, "item": "499190.636"}, {"count": 15, "item": "521958.960"}, {"count": 14, "item": "530633.501"}, {"count": 13, "item": "805524.234"}, {"count": 12, "item": "1327540.933"}, {"count": 11, "item": "3977814.905"}, {"count": 10, "item": "1135165.581"}, {"count": 9, "item": "2375594.284"}, {"count": 8, "item": "6303174.086"}, {"count": 7, "item": "18683680.403"}, {"count": 6, "item": "28176.124"}, {"count": 5, "item": "113942.534"}, {"count": 4, "item": "307093.317"}, {"count": 3, "item": "275781.092"}, {"count": 2, "item": "217947.414"}, {"count": 1, "item": "182022.142"}], "sum": "7568465205.148"}, "format": {"precision": "0", "align": "right", "precisionStyle": "standard", "noCommas": "false"}, "fieldName": "deductions_of_all_returns_in_thousands", "name": "Deductions of All Returns (in thousands)", "width": 320}, {"position": 12, "description": "Value of New York exemption of $1,000 for each dependent claimed on the taxpayer\u2019s federal income tax return", "id": 289107612, "dataTypeName": "number", "renderTypeName": "number", "tableColumnId": 19241454, "cachedContents": {"largest": "4720151", "non_null": 23439, "average": "14116.65544344895", "null": 296, "smallest": "0", "top": [{"count": 20, "item": "0"}, {"count": 19, "item": "0.000"}, {"count": 18, "item": "1.000"}, {"count": 17, "item": "9.000"}, {"count": 16, "item": "7.000"}, {"count": 15, "item": "8.000"}, {"count": 14, "item": "4.000"}, {"count": 13, "item": "6.000"}, {"count": 12, "item": "3.000"}, {"count": 11, "item": "7239.119"}, {"count": 10, "item": "14967.592"}, {"count": 9, "item": "3651.000"}, {"count": 8, "item": "6093.000"}, {"count": 7, "item": "3683.000"}, {"count": 6, "item": "70235.832"}], "sum": "330880286.939"}, "format": {"precision": "0", "align": "right", "precisionStyle": "standard", "noCommas": "false"}, "fieldName": "dependent_exemptions_of_all_returns_in_thousands", "name": "Dependent Exemptions of All Returns (in thousands)", "width": 399}, {"position": 13, "description": "Value of subtracting allowable deductions and exemptions from New York Adjusted Gross Income from return filings, and multiplying the remainder by the appropriate New York State tax rate schedule", "id": 289107613, "dataTypeName": "number", "renderTypeName": "number", "tableColumnId": 19241455, "cachedContents": {"largest": "575512373.651", "non_null": 23439, "average": "1752082.486924314", "null": 296, "smallest": "0", "top": [{"count": 20, "item": "6349.331"}, {"count": 19, "item": "59815.953"}, {"count": 18, "item": "345163.334"}, {"count": 17, "item": "679928.561"}, {"count": 16, "item": "1038005.153"}, {"count": 15, "item": "1391160.132"}, {"count": 14, "item": "1692699.141"}, {"count": 13, "item": "2920913.367"}, {"count": 12, "item": "5470163.328"}, {"count": 11, "item": "21788667.484"}, {"count": 10, "item": "8943862.311"}, {"count": 9, "item": "27773469.220"}, {"count": 8, "item": "268824150.210"}, {"count": 7, "item": "340934347.525"}, {"count": 6, "item": "1212.199"}, {"count": 5, "item": "18339.761"}, {"count": 4, "item": "228930.633"}, {"count": 3, "item": "465863.273"}, {"count": 2, "item": "561580.160"}, {"count": 1, "item": "625626.753"}], "sum": "41067061411.019"}, "format": {"precision": "0", "align": "right", "precisionStyle": "standard", "noCommas": "false"}, "fieldName": "taxable_income_of_all_returns_in_thousands", "name": "Taxable Income of All Returns (in thousands)", "width": 357}, {"position": 14, "description": "Tax Liability from return filings based on New York taxable income before subtraction of allowable credits.", "id": 289107614, "dataTypeName": "number", "renderTypeName": "number", "tableColumnId": 19241456, "cachedContents": {"largest": "39122547.412", "non_null": 23439, "average": "120428.4176144887", "null": 296, "smallest": "0", "top": [{"count": 20, "item": "254.262"}, {"count": 19, "item": "2393.506"}, {"count": 18, "item": "116832.979"}, {"count": 17, "item": "30820.481"}, {"count": 16, "item": "51182.483"}, {"count": 15, "item": "72434.180"}, {"count": 14, "item": "91449.259"}, {"count": 13, "item": "162441.652"}, {"count": 12, "item": "313046.245"}, {"count": 11, "item": "1378079.398"}, {"count": 10, "item": "594901.356"}, {"count": 9, "item": "1879434.341"}, {"count": 8, "item": "22543729.412"}, {"count": 7, "item": "27236999.554"}, {"count": 6, "item": "48.486"}, {"count": 5, "item": "733.898"}, {"count": 4, "item": "9332.984"}, {"count": 3, "item": "21282.518"}, {"count": 2, "item": "28342.091"}, {"count": 1, "item": "33443.202"}], "sum": "2822721680.466"}, "format": {"precision": "0", "align": "right", "precisionStyle": "standard", "noCommas": "false"}, "fieldName": "tax_before_credits_of_all_returns_in_thousands", "name": "Tax Before Credits of All Returns (in thousands)", "width": 386}, {"position": 15, "description": "Tax Liability from return filings\n** Includes refundable tax credits", "id": 289107615, "dataTypeName": "number", "renderTypeName": "number", "tableColumnId": 19241457, "cachedContents": {"largest": "35011775.475", "non_null": 23439, "average": "81544.70580570843", "null": 296, "smallest": "-467479.133", "top": [{"count": 20, "item": "-3328.336"}, {"count": 19, "item": "1408.804"}, {"count": 18, "item": "15720.080"}, {"count": 17, "item": "18026.089"}, {"count": 16, "item": "33548.130"}, {"count": 15, "item": "49674.614"}, {"count": 14, "item": "64899.825"}, {"count": 13, "item": "114102.812"}, {"count": 12, "item": "212439.782"}, {"count": 11, "item": "831030.008"}, {"count": 10, "item": "320646.548"}, {"count": 9, "item": "908008.164"}, {"count": 8, "item": "3618195.306"}, {"count": 7, "item": "6184371.825"}, {"count": 6, "item": "-477.905"}, {"count": 5, "item": "-1024.367"}, {"count": 4, "item": "913.832"}, {"count": 3, "item": "10581.823"}, {"count": 2, "item": "16669.556"}, {"count": 1, "item": "20388.146"}], "sum": "1911326359.380"}, "format": {"precision": "0", "align": "right", "precisionStyle": "standard", "noCommas": "false"}, "fieldName": "tax_liability_of_all_returns_in_thousands", "name": "Tax Liability of All Returns (in thousands) **", "width": 353}, {"position": 16, "description": "Sort Order on Place of Residence", "id": 289107616, "dataTypeName": "number", "renderTypeName": "number", "tableColumnId": 19241458, "cachedContents": {"largest": "250", "non_null": 23735, "average": "81.60480303349484", "null": 0, "smallest": "1", "top": [{"count": 20, "item": "132"}, {"count": 19, "item": "133"}, {"count": 18, "item": "134"}, {"count": 17, "item": "135"}, {"count": 16, "item": "136"}, {"count": 15, "item": "137"}, {"count": 14, "item": "138"}, {"count": 13, "item": "139"}, {"count": 12, "item": "140"}, {"count": 11, "item": "141"}, {"count": 10, "item": "142"}, {"count": 9, "item": "143"}, {"count": 8, "item": "144"}, {"count": 7, "item": "145"}, {"count": 6, "item": "146"}, {"count": 5, "item": "147"}, {"count": 4, "item": "148"}, {"count": 3, "item": "149"}, {"count": 2, "item": "150"}, {"count": 1, "item": "200"}], "sum": "1936890"}, "format": {"align": "right", "precisionStyle": "standard", "noCommas": "false"}, "fieldName": "place_of_residence_sort_order", "name": "Place of Residence Sort Order", "width": 282}, {"position": 17, "description": "Sort Order on Income Class", "id": 289107617, "dataTypeName": "number", "renderTypeName": "number", "tableColumnId": 19241459, "cachedContents": {"largest": "14", "non_null": 23735, "average": "7.073772909205814", "null": 0, "smallest": "1", "top": [{"count": 20, "item": "1"}, {"count": 19, "item": "2"}, {"count": 18, "item": "3"}, {"count": 17, "item": "4"}, {"count": 16, "item": "5"}, {"count": 15, "item": "6"}, {"count": 14, "item": "7"}, {"count": 13, "item": "8"}, {"count": 12, "item": "9"}, {"count": 11, "item": "10"}, {"count": 10, "item": "11"}, {"count": 9, "item": "12"}, {"count": 8, "item": "13"}, {"count": 7, "item": "14"}], "sum": "167896"}, "format": {"align": "right", "precisionStyle": "standard", "noCommas": "false"}, "fieldName": "income_class_sort_order", "name": "Income Class Sort Order", "width": 237}], "name": "Income Tax Components by Size of Income by Place of Residence: Beginning Tax Year 1999", "viewType": "tabular", "description": "The Department of Taxation and Finance annually produces a data (study) file and provides a report of statistical information on New York State personal income tax returns that were timely filed. Timely filing means that the tax return was delivered to the Department on or before the due date of the tax return.  The data are from full-year resident, full-year nonresident, and part-year resident returns. This dataset defines individuals filing a resident tax return as full-year residents and individuals filing a nonresident tax return are defined as either a full- year nonresident or a part-year resident.Data presented in this dataset provide the major income tax structure components by size of income.  The components include income, deductions, dependent exemptions, and tax liability. The data also provides this information by size of income and by the filer\u2019s permanent place of residence (county, state or country).  For a more detailed explanation on the determination of residency and components of income see the attachment: NYSTF_PlaceOfResidence_Introduction.Researchers agree to: Use the data for statistical reporting an analysis only. The author will include a disclaimer that states any analyses, interpretations or conclusions were reached by the author and not the New York State Department of Taxation and Finance.", "newBackend": true, "hideFromCatalog": false, "numberOfComments": 0, "rights": ["read"], "publicationDate": 1486422425, "tableAuthor": {"id": "xzik-pf59", "profileImageUrlMedium": "/api/users/xzik-pf59/profile_images/THUMB", "profileImageUrlSmall": "/api/users/xzik-pf59/profile_images/TINY", "type": "interactive", "screenName": "NY Open Data", "profileImageUrlLarge": "/api/users/xzik-pf59/profile_images/LARGE", "displayName": "NY Open Data"}, "id": "5bb2-yb85", "publicationAppendEnabled": false, "hideFromDataJson": false, "tags": ["tax", "income", "liability", "county"], "rowsUpdatedAt": 1486422413, "query": {"orderBys": [{"expression": {"type": "column", "columnId": 289107601}, "ascending": false}, {"expression": {"type": "column", "columnId": 289107616}, "ascending": true}, {"expression": {"type": "column", "columnId": 289107617}, "ascending": true}]}, "category": "Government & Finance", "grants": [{"type": "viewer", "flags": ["public"], "inherited": false}], "oid": 25397822, "downloadCount": 1704, "viewLastModified": 1533678865, "displayType": "table", "publicationGroup": 1549492, "publicationStage": "published", "createdAt": 1397747318, "viewCount": 46529, "averageRating": 0, "flags": ["default", "restorable", "restorePossibleForType"], "provenance": "official", "owner": {"id": "xzik-pf59", "profileImageUrlMedium": "/api/users/xzik-pf59/profile_images/THUMB", "profileImageUrlSmall": "/api/users/xzik-pf59/profile_images/TINY", "type": "interactive", "screenName": "NY Open Data", "profileImageUrlLarge": "/api/users/xzik-pf59/profile_images/LARGE", "displayName": "NY Open Data"}, "attributionLink": "http://www.tax.ny.gov/research/stats/stat_pit/analysis_of_state_personal_income_tax_returns_by_place_of_residence.htm", "rowsUpdatedBy": "xzik-pf59"}