Countrycode	Namespace	AirQualityNetwork	AirQualityStationEoICode	AirQualityStation	SamplingPoint	DataAggregationProcess	AirPollutantCode	DatetimeBegin	DatetimeEnd	AirPollutionLevel	UnitOfAirPollutionLevel	DataCapture	DataCoverage	TimeCoverage	Validity	Verification
RO	RO.ANPM.AQ	NET-RO046A	STA-RO0174A	STA-RO0174A	SPO-RO0174A_00015_100	P1Y	http://dd.eionet.europa.eu/vocabulary/aq/pollutant/15	2013-01-01 00:00:00	2014-01-01 00:00:00	6.69226315	ng/m3	55.71847507	52.05479452	93.42465753	-1	1
RO	RO.ANPM.AQ	NET-RO053A	STA-RO0197A	STA-RO0197A	SPO-RO0197A_00015_100	P1Y	http://dd.eionet.europa.eu/vocabulary/aq/pollutant/15	2013-01-01 00:00:00	2014-01-01 00:00:00	2.1410559	ng/m3	94.42815249	88.21917808	93.42465753	1	1
RO	RO.ANPM.AQ	NET-RO047A	STA-RO0180A	STA-RO0180A	SPO-RO0180A_00015_100	P1Y	http://dd.eionet.europa.eu/vocabulary/aq/pollutant/15	2013-01-01 00:00:00	2014-01-01 00:00:00	0.99612676	ng/m3	83.28445748	77.80821918	93.42465753	1	1
RO	RO.ANPM.AQ	NET-RO016A	STA-RO0071A	STA-RO0071A	SPO-RO0071A_00015_100	P1Y	http://dd.eionet.europa.eu/vocabulary/aq/pollutant/15	2013-01-01 00:00:00	2014-01-01 00:00:00	6.73428571	ng/m3	65.68914956	61.36986301	93.42465753	-1	1
RO	RO.ANPM.AQ	NET-RO038A	STA-RO0152A	STA-RO0152A	SPO-RO0152A_00015_100	P1Y	http://dd.eionet.europa.eu/vocabulary/aq/pollutant/15	2013-01-01 00:00:00	2014-01-01 00:00:00	0.28880382	ng/m3	61.29032258	57.26027397	93.42465753	-1	1
RO	RO.ANPM.AQ	NET-RO016A	STA-RO0068A	STA-RO0068A	SPO-RO0068A_00015_100	P1Y	http://dd.eionet.europa.eu/vocabulary/aq/pollutant/15	2013-01-01 00:00:00	2014-01-01 00:00:00	5.3471	ng/m3	58.65102639	54.79452055	93.42465753	-1	1
RO	RO.ANPM.AQ	NET-RO040A	STA-RO0154A	STA-RO0154A	SPO-RO0154A_00015_100	P1Y	http://dd.eionet.europa.eu/vocabulary/aq/pollutant/15	2013-01-01 00:00:00	2014-01-01 00:00:00	0.00945161	ng/m3	90.90909091	84.93150685	93.42465753	1	1
RO	RO.ANPM.AQ	NET-RO040A	STA-RO0155A	STA-RO0155A	SPO-RO0155A_00015_100	P1Y	http://dd.eionet.europa.eu/vocabulary/aq/pollutant/15	2013-01-01 00:00:00	2014-01-01 00:00:00	0.00917491	ng/m3	88.85630499	83.01369863	93.42465753	1	1
RO	RO.ANPM.AQ	NET-RO019A	STA-RO0086A	STA-RO0086A	SPO-RO0086A_00015_100	P1Y	http://dd.eionet.europa.eu/vocabulary/aq/pollutant/15	2013-01-01 00:00:00	2014-01-01 00:00:00	1.07250746	ng/m3	98.24046921	91.78082192	93.42465753	1	1
RO	RO.ANPM.AQ	NET-RO019A	STA-RO0083A	STA-RO0083A	SPO-RO0083A_00015_100	P1Y	http://dd.eionet.europa.eu/vocabulary/aq/pollutant/15	2013-01-01 00:00:00	2014-01-01 00:00:00	2.93386861	ng/m3	80.35190616	75.06849315	93.42465753	1	1
RO	RO.ANPM.AQ	NET-RO029A	STA-RO0120A	STA-RO0120A	SPO-RO0120A_00015_100	P1Y	http://dd.eionet.europa.eu/vocabulary/aq/pollutant/15	2013-01-01 00:00:00	2014-01-01 00:00:00	3.92236933	ng/m3	84.16422287	78.63013699	93.42465753	1	1
RO	RO.ANPM.AQ	NET-RO023A	STA-RO0103A	STA-RO0103A	SPO-RO0103A_00015_100	P1Y	http://dd.eionet.europa.eu/vocabulary/aq/pollutant/15	2013-01-01 00:00:00	2014-01-01 00:00:00	0.79701538	ng/m3	95.30791789	89.04109589	93.42465753	1	1
RO	RO.ANPM.AQ	NET-RO054A	STA-RO0202A	STA-RO0202A	SPO-RO0202A_00015_100	P1Y	http://dd.eionet.europa.eu/vocabulary/aq/pollutant/15	2013-01-01 00:00:00	2014-01-01 00:00:00	0.72375939	ng/m3	78.0058651	72.87671233	93.42465753	-1	1
RO	RO.ANPM.AQ	NET-RO051A	STA-RO0008R	STA-RO0008R	SPO-RO0008R_00015_100	P1Y	http://dd.eionet.europa.eu/vocabulary/aq/pollutant/15	2013-01-01 00:00:00	2014-01-01 00:00:00	1.5368	ng/m3	65.98240469	61.64383562	93.42465753	-1	1
RO	RO.ANPM.AQ	NET-RO016A	STA-RO0066A	STA-RO0066A	SPO-RO0066A_00015_100	P1Y	http://dd.eionet.europa.eu/vocabulary/aq/pollutant/15	2013-01-01 00:00:00	2014-01-01 00:00:00	3.80353591	ng/m3	53.07917889	49.5890411	93.42465753	-1	1
RO	RO.ANPM.AQ	NET-RO047A	STA-RO0175A	STA-RO0175A	SPO-RO0175A_00015_100	P1Y	http://dd.eionet.europa.eu/vocabulary/aq/pollutant/15	2013-01-01 00:00:00	2014-01-01 00:00:00	0.71419642	ng/m3	98.53372434	92.05479452	93.42465753	1	1
RO	RO.ANPM.AQ	NET-RO024A	STA-RO0104A	STA-RO0104A	SPO-RO0104A_00015_100	P1Y	http://dd.eionet.europa.eu/vocabulary/aq/pollutant/15	2013-01-01 00:00:00	2014-01-01 00:00:00	1.85815884	ng/m3	81.23167155	75.89041096	93.42465753	1	1
RO	RO.ANPM.AQ	NET-RO040A	STA-RO0158A	STA-RO0158A	SPO-RO0158A_00015_100	P1Y	http://dd.eionet.europa.eu/vocabulary/aq/pollutant/15	2013-01-01 00:00:00	2014-01-01 00:00:00	0.00622641	ng/m3	93.25513196	87.12328767	93.42465753	1	1
RO	RO.ANPM.AQ	NET-RO053A	STA-RO0198A	STA-RO0198A	SPO-RO0198A_00015_100	P1Y	http://dd.eionet.europa.eu/vocabulary/aq/pollutant/15	2013-01-01 00:00:00	2014-01-01 00:00:00	1.22946341	ng/m3	60.11730205	56.16438356	93.42465753	-1	1
RO	RO.ANPM.AQ	NET-RO024A	STA-RO0105A	STA-RO0105A	SPO-RO0105A_00015_100	P1Y	http://dd.eionet.europa.eu/vocabulary/aq/pollutant/15	2013-01-01 00:00:00	2014-01-01 00:00:00	1.94097643	ng/m3	87.09677419	81.36986301	93.42465753	1	1
RO	RO.ANPM.AQ	NET-RO054A	STA-RO0200A	STA-RO0200A	SPO-RO0200A_00015_100	P1Y	http://dd.eionet.europa.eu/vocabulary/aq/pollutant/15	2013-01-01 00:00:00	2014-01-01 00:00:00	0.82807843	ng/m3	74.78005865	69.8630137	93.42465753	-1	1
RO	RO.ANPM.AQ	NET-RO038A	STA-RO0151A	STA-RO0151A	SPO-RO0151A_00015_100	P1Y	http://dd.eionet.europa.eu/vocabulary/aq/pollutant/15	2013-01-01 00:00:00	2014-01-01 00:00:00	0.55610441	ng/m3	73.02052786	68.21917808	93.42465753	-1	1
RO	RO.ANPM.AQ	NET-RO047A	STA-RO0179A	STA-RO0179A	SPO-RO0179A_00015_100	P1Y	http://dd.eionet.europa.eu/vocabulary/aq/pollutant/15	2013-01-01 00:00:00	2014-01-01 00:00:00	1.29543071	ng/m3	78.29912023	73.15068493	93.42465753	-1	1
RO	RO.ANPM.AQ	NET-RO036A	STA-RO0141A	STA-RO0141A	SPO-RO0141A_00015_100	P1Y	http://dd.eionet.europa.eu/vocabulary/aq/pollutant/15	2013-01-01 00:00:00	2014-01-01 00:00:00	2.2487218	ng/m3	78.0058651	72.87671233	93.42465753	-1	1
RO	RO.ANPM.AQ	NET-RO016A	STA-RO0065A	STA-RO0065A	SPO-RO0065A_00015_100	P1Y	http://dd.eionet.europa.eu/vocabulary/aq/pollutant/15	2013-01-01 00:00:00	2014-01-01 00:00:00	5.13011764	ng/m3	50.14749263	46.57534247	92.87671233	-1	1
RO	RO.ANPM.AQ	NET-RO023A	STA-RO0099A	STA-RO0099A	SPO-RO0099A_00015_100	P1Y	http://dd.eionet.europa.eu/vocabulary/aq/pollutant/15	2013-01-01 00:00:00	2014-01-01 00:00:00	0.67473461	ng/m3	76.24633431	71.23287671	93.42465753	-1	1
RO	RO.ANPM.AQ	NET-RO053A	STA-RO0195A	STA-RO0195A	SPO-RO0195A_00015_100	P1Y	http://dd.eionet.europa.eu/vocabulary/aq/pollutant/15	2013-01-01 00:00:00	2014-01-01 00:00:00	1.77864406	ng/m3	86.51026393	80.82191781	93.42465753	1	1
RO	RO.ANPM.AQ	NET-RO029A	STA-RO0121A	STA-RO0121A	SPO-RO0121A_00015_100	P1Y	http://dd.eionet.europa.eu/vocabulary/aq/pollutant/15	2013-01-01 00:00:00	2014-01-01 00:00:00	2.61058181	ng/m3	80.64516129	75.34246575	93.42465753	1	1
RO	RO.ANPM.AQ	NET-RO053A	STA-RO0193A	STA-RO0193A	SPO-RO0193A_00015_100	P1Y	http://dd.eionet.europa.eu/vocabulary/aq/pollutant/15	2013-01-01 00:00:00	2014-01-01 00:00:00	1.51298932	ng/m3	82.40469208	76.98630137	93.42465753	1	1
RO	RO.ANPM.AQ	NET-RO047A	STA-RO0177A	STA-RO0177A	SPO-RO0177A_00015_100	P1Y	http://dd.eionet.europa.eu/vocabulary/aq/pollutant/15	2013-01-01 00:00:00	2014-01-01 00:00:00	0.60555214	ng/m3	95.60117302	89.31506849	93.42465753	1	1
RO	RO.ANPM.AQ	NET-RO050A	STA-RO0187A	STA-RO0187A	SPO-RO0187A_00015_100	P1Y	http://dd.eionet.europa.eu/vocabulary/aq/pollutant/15	2013-01-01 00:00:00	2014-01-01 00:00:00	2.73826855	ng/m3	82.99120235	77.53424658	93.42465753	1	1
RO	RO.ANPM.AQ	NET-RO047A	STA-RO0175A	STA-RO0175A	SPO-RO0175A_00015_100	P1Y-day-per50	http://dd.eionet.europa.eu/vocabulary/aq/pollutant/15	2013-01-01 00:00:00	2014-01-01 00:00:00	0.65	ng/m3	98.53372434	92.05479452	93.42465753	1	1
RO	RO.ANPM.AQ	NET-RO054A	STA-RO0200A	STA-RO0200A	SPO-RO0200A_00015_100	P1Y-day-per50	http://dd.eionet.europa.eu/vocabulary/aq/pollutant/15	2013-01-01 00:00:00	2014-01-01 00:00:00	0.61	ng/m3	74.78005865	69.8630137	93.42465753	-1	1
RO	RO.ANPM.AQ	NET-RO029A	STA-RO0121A	STA-RO0121A	SPO-RO0121A_00015_100	P1Y-day-per50	http://dd.eionet.europa.eu/vocabulary/aq/pollutant/15	2013-01-01 00:00:00	2014-01-01 00:00:00	1.68	ng/m3	80.64516129	75.34246575	93.42465753	1	1
RO	RO.ANPM.AQ	NET-RO040A	STA-RO0154A	STA-RO0154A	SPO-RO0154A_00015_100	P1Y-day-per50	http://dd.eionet.europa.eu/vocabulary/aq/pollutant/15	2013-01-01 00:00:00	2014-01-01 00:00:00	0.01	ng/m3	90.90909091	84.93150685	93.42465753	1	1
RO	RO.ANPM.AQ	NET-RO053A	STA-RO0193A	STA-RO0193A	SPO-RO0193A_00015_100	P1Y-day-per50	http://dd.eionet.europa.eu/vocabulary/aq/pollutant/15	2013-01-01 00:00:00	2014-01-01 00:00:00	1.36	ng/m3	82.40469208	76.98630137	93.42465753	1	1
RO	RO.ANPM.AQ	NET-RO040A	STA-RO0158A	STA-RO0158A	SPO-RO0158A_00015_100	P1Y-day-per50	http://dd.eionet.europa.eu/vocabulary/aq/pollutant/15	2013-01-01 00:00:00	2014-01-01 00:00:00	0.01	ng/m3	93.25513196	87.12328767	93.42465753	1	1
RO	RO.ANPM.AQ	NET-RO053A	STA-RO0197A	STA-RO0197A	SPO-RO0197A_00015_100	P1Y-day-per50	http://dd.eionet.europa.eu/vocabulary/aq/pollutant/15	2013-01-01 00:00:00	2014-01-01 00:00:00	1.64	ng/m3	94.42815249	88.21917808	93.42465753	1	1
RO	RO.ANPM.AQ	NET-RO053A	STA-RO0198A	STA-RO0198A	SPO-RO0198A_00015_100	P1Y-day-per50	http://dd.eionet.europa.eu/vocabulary/aq/pollutant/15	2013-01-01 00:00:00	2014-01-01 00:00:00	1.02	ng/m3	60.11730205	56.16438356	93.42465753	-1	1
RO	RO.ANPM.AQ	NET-RO029A	STA-RO0120A	STA-RO0120A	SPO-RO0120A_00015_100	P1Y-day-per50	http://dd.eionet.europa.eu/vocabulary/aq/pollutant/15	2013-01-01 00:00:00	2014-01-01 00:00:00	2.44	ng/m3	84.16422287	78.63013699	93.42465753	1	1
RO	RO.ANPM.AQ	NET-RO016A	STA-RO0068A	STA-RO0068A	SPO-RO0068A_00015_100	P1Y-day-per50	http://dd.eionet.europa.eu/vocabulary/aq/pollutant/15	2013-01-01 00:00:00	2014-01-01 00:00:00	3.68	ng/m3	58.65102639	54.79452055	93.42465753	-1	1
RO	RO.ANPM.AQ	NET-RO038A	STA-RO0151A	STA-RO0151A	SPO-RO0151A_00015_100	P1Y-day-per50	http://dd.eionet.europa.eu/vocabulary/aq/pollutant/15	2013-01-01 00:00:00	2014-01-01 00:00:00	0.22	ng/m3	73.02052786	68.21917808	93.42465753	-1	1
RO	RO.ANPM.AQ	NET-RO036A	STA-RO0141A	STA-RO0141A	SPO-RO0141A_00015_100	P1Y-day-per50	http://dd.eionet.europa.eu/vocabulary/aq/pollutant/15	2013-01-01 00:00:00	2014-01-01 00:00:00	2.04	ng/m3	78.0058651	72.87671233	93.42465753	-1	1
RO	RO.ANPM.AQ	NET-RO023A	STA-RO0099A	STA-RO0099A	SPO-RO0099A_00015_100	P1Y-day-per50	http://dd.eionet.europa.eu/vocabulary/aq/pollutant/15	2013-01-01 00:00:00	2014-01-01 00:00:00	0.254	ng/m3	76.24633431	71.23287671	93.42465753	-1	1
RO	RO.ANPM.AQ	NET-RO023A	STA-RO0103A	STA-RO0103A	SPO-RO0103A_00015_100	P1Y-day-per50	http://dd.eionet.europa.eu/vocabulary/aq/pollutant/15	2013-01-01 00:00:00	2014-01-01 00:00:00	0.35	ng/m3	95.30791789	89.04109589	93.42465753	1	1
RO	RO.ANPM.AQ	NET-RO024A	STA-RO0105A	STA-RO0105A	SPO-RO0105A_00015_100	P1Y-day-per50	http://dd.eionet.europa.eu/vocabulary/aq/pollutant/15	2013-01-01 00:00:00	2014-01-01 00:00:00	1.88	ng/m3	87.09677419	81.36986301	93.42465753	1	1
RO	RO.ANPM.AQ	NET-RO019A	STA-RO0083A	STA-RO0083A	SPO-RO0083A_00015_100	P1Y-day-per50	http://dd.eionet.europa.eu/vocabulary/aq/pollutant/15	2013-01-01 00:00:00	2014-01-01 00:00:00	2.7	ng/m3	80.35190616	75.06849315	93.42465753	1	1
RO	RO.ANPM.AQ	NET-RO016A	STA-RO0065A	STA-RO0065A	SPO-RO0065A_00015_100	P1Y-day-per50	http://dd.eionet.europa.eu/vocabulary/aq/pollutant/15	2013-01-01 00:00:00	2014-01-01 00:00:00	3.96	ng/m3	50.14749263	46.57534247	92.87671233	-1	1
RO	RO.ANPM.AQ	NET-RO047A	STA-RO0179A	STA-RO0179A	SPO-RO0179A_00015_100	P1Y-day-per50	http://dd.eionet.europa.eu/vocabulary/aq/pollutant/15	2013-01-01 00:00:00	2014-01-01 00:00:00	1.21	ng/m3	78.29912023	73.15068493	93.42465753	-1	1
RO	RO.ANPM.AQ	NET-RO047A	STA-RO0177A	STA-RO0177A	SPO-RO0177A_00015_100	P1Y-day-per50	http://dd.eionet.europa.eu/vocabulary/aq/pollutant/15	2013-01-01 00:00:00	2014-01-01 00:00:00	0.54	ng/m3	95.60117302	89.31506849	93.42465753	1	1
RO	RO.ANPM.AQ	NET-RO046A	STA-RO0174A	STA-RO0174A	SPO-RO0174A_00015_100	P1Y-day-per50	http://dd.eionet.europa.eu/vocabulary/aq/pollutant/15	2013-01-01 00:00:00	2014-01-01 00:00:00	4.36	ng/m3	55.71847507	52.05479452	93.42465753	-1	1
RO	RO.ANPM.AQ	NET-RO047A	STA-RO0180A	STA-RO0180A	SPO-RO0180A_00015_100	P1Y-day-per50	http://dd.eionet.europa.eu/vocabulary/aq/pollutant/15	2013-01-01 00:00:00	2014-01-01 00:00:00	0.83	ng/m3	83.28445748	77.80821918	93.42465753	1	1
RO	RO.ANPM.AQ	NET-RO051A	STA-RO0008R	STA-RO0008R	SPO-RO0008R_00015_100	P1Y-day-per50	http://dd.eionet.europa.eu/vocabulary/aq/pollutant/15	2013-01-01 00:00:00	2014-01-01 00:00:00	1.24	ng/m3	65.98240469	61.64383562	93.42465753	-1	1
RO	RO.ANPM.AQ	NET-RO016A	STA-RO0071A	STA-RO0071A	SPO-RO0071A_00015_100	P1Y-day-per50	http://dd.eionet.europa.eu/vocabulary/aq/pollutant/15	2013-01-01 00:00:00	2014-01-01 00:00:00	4.33	ng/m3	65.68914956	61.36986301	93.42465753	-1	1
RO	RO.ANPM.AQ	NET-RO050A	STA-RO0187A	STA-RO0187A	SPO-RO0187A_00015_100	P1Y-day-per50	http://dd.eionet.europa.eu/vocabulary/aq/pollutant/15	2013-01-01 00:00:00	2014-01-01 00:00:00	1.5	ng/m3	82.99120235	77.53424658	93.42465753	1	1
RO	RO.ANPM.AQ	NET-RO038A	STA-RO0152A	STA-RO0152A	SPO-RO0152A_00015_100	P1Y-day-per50	http://dd.eionet.europa.eu/vocabulary/aq/pollutant/15	2013-01-01 00:00:00	2014-01-01 00:00:00	0.17	ng/m3	61.29032258	57.26027397	93.42465753	-1	1
RO	RO.ANPM.AQ	NET-RO053A	STA-RO0195A	STA-RO0195A	SPO-RO0195A_00015_100	P1Y-day-per50	http://dd.eionet.europa.eu/vocabulary/aq/pollutant/15	2013-01-01 00:00:00	2014-01-01 00:00:00	1.11	ng/m3	86.51026393	80.82191781	93.42465753	1	1
RO	RO.ANPM.AQ	NET-RO016A	STA-RO0066A	STA-RO0066A	SPO-RO0066A_00015_100	P1Y-day-per50	http://dd.eionet.europa.eu/vocabulary/aq/pollutant/15	2013-01-01 00:00:00	2014-01-01 00:00:00	2.21	ng/m3	53.07917889	49.5890411	93.42465753	-1	1
RO	RO.ANPM.AQ	NET-RO054A	STA-RO0202A	STA-RO0202A	SPO-RO0202A_00015_100	P1Y-day-per50	http://dd.eionet.europa.eu/vocabulary/aq/pollutant/15	2013-01-01 00:00:00	2014-01-01 00:00:00	0.53	ng/m3	78.0058651	72.87671233	93.42465753	-1	1
RO	RO.ANPM.AQ	NET-RO019A	STA-RO0086A	STA-RO0086A	SPO-RO0086A_00015_100	P1Y-day-per50	http://dd.eionet.europa.eu/vocabulary/aq/pollutant/15	2013-01-01 00:00:00	2014-01-01 00:00:00	1.12	ng/m3	98.24046921	91.78082192	93.42465753	1	1
RO	RO.ANPM.AQ	NET-RO040A	STA-RO0155A	STA-RO0155A	SPO-RO0155A_00015_100	P1Y-day-per50	http://dd.eionet.europa.eu/vocabulary/aq/pollutant/15	2013-01-01 00:00:00	2014-01-01 00:00:00	0.01	ng/m3	88.85630499	83.01369863	93.42465753	1	1
RO	RO.ANPM.AQ	NET-RO024A	STA-RO0104A	STA-RO0104A	SPO-RO0104A_00015_100	P1Y-day-per50	http://dd.eionet.europa.eu/vocabulary/aq/pollutant/15	2013-01-01 00:00:00	2014-01-01 00:00:00	1.73	ng/m3	81.23167155	75.89041096	93.42465753	1	1
RO	RO.ANPM.AQ	NET-RO053A	STA-RO0197A	STA-RO0197A	SPO-RO0197A_00015_100	P1Y-day-max	http://dd.eionet.europa.eu/vocabulary/aq/pollutant/15	2013-01-01 00:00:00	2014-01-01 00:00:00	17.78	ng/m3	94.42815249	88.21917808	93.42465753	1	1
RO	RO.ANPM.AQ	NET-RO046A	STA-RO0174A	STA-RO0174A	SPO-RO0174A_00015_100	P1Y-day-max	http://dd.eionet.europa.eu/vocabulary/aq/pollutant/15	2013-01-01 00:00:00	2014-01-01 00:00:00	35.03	ng/m3	55.71847507	52.05479452	93.42465753	-1	1
RO	RO.ANPM.AQ	NET-RO047A	STA-RO0180A	STA-RO0180A	SPO-RO0180A_00015_100	P1Y-day-max	http://dd.eionet.europa.eu/vocabulary/aq/pollutant/15	2013-01-01 00:00:00	2014-01-01 00:00:00	4.22	ng/m3	83.28445748	77.80821918	93.42465753	1	1
RO	RO.ANPM.AQ	NET-RO040A	STA-RO0155A	STA-RO0155A	SPO-RO0155A_00015_100	P1Y-day-max	http://dd.eionet.europa.eu/vocabulary/aq/pollutant/15	2013-01-01 00:00:00	2014-01-01 00:00:00	0.04	ng/m3	88.85630499	83.01369863	93.42465753	1	1
RO	RO.ANPM.AQ	NET-RO016A	STA-RO0068A	STA-RO0068A	SPO-RO0068A_00015_100	P1Y-day-max	http://dd.eionet.europa.eu/vocabulary/aq/pollutant/15	2013-01-01 00:00:00	2014-01-01 00:00:00	32.67	ng/m3	58.65102639	54.79452055	93.42465753	-1	1
RO	RO.ANPM.AQ	NET-RO016A	STA-RO0071A	STA-RO0071A	SPO-RO0071A_00015_100	P1Y-day-max	http://dd.eionet.europa.eu/vocabulary/aq/pollutant/15	2013-01-01 00:00:00	2014-01-01 00:00:00	35.71	ng/m3	65.68914956	61.36986301	93.42465753	-1	1
RO	RO.ANPM.AQ	NET-RO040A	STA-RO0154A	STA-RO0154A	SPO-RO0154A_00015_100	P1Y-day-max	http://dd.eionet.europa.eu/vocabulary/aq/pollutant/15	2013-01-01 00:00:00	2014-01-01 00:00:00	0.03	ng/m3	90.90909091	84.93150685	93.42465753	1	1
RO	RO.ANPM.AQ	NET-RO038A	STA-RO0152A	STA-RO0152A	SPO-RO0152A_00015_100	P1Y-day-max	http://dd.eionet.europa.eu/vocabulary/aq/pollutant/15	2013-01-01 00:00:00	2014-01-01 00:00:00	4.54	ng/m3	61.29032258	57.26027397	93.42465753	-1	1
RO	RO.ANPM.AQ	NET-RO029A	STA-RO0120A	STA-RO0120A	SPO-RO0120A_00015_100	P1Y-day-max	http://dd.eionet.europa.eu/vocabulary/aq/pollutant/15	2013-01-01 00:00:00	2014-01-01 00:00:00	29.71	ng/m3	84.16422287	78.63013699	93.42465753	1	1
RO	RO.ANPM.AQ	NET-RO019A	STA-RO0086A	STA-RO0086A	SPO-RO0086A_00015_100	P1Y-day-max	http://dd.eionet.europa.eu/vocabulary/aq/pollutant/15	2013-01-01 00:00:00	2014-01-01 00:00:00	4.75	ng/m3	98.24046921	91.78082192	93.42465753	1	1
RO	RO.ANPM.AQ	NET-RO019A	STA-RO0083A	STA-RO0083A	SPO-RO0083A_00015_100	P1Y-day-max	http://dd.eionet.europa.eu/vocabulary/aq/pollutant/15	2013-01-01 00:00:00	2014-01-01 00:00:00	10.92	ng/m3	80.35190616	75.06849315	93.42465753	1	1
RO	RO.ANPM.AQ	NET-RO051A	STA-RO0008R	STA-RO0008R	SPO-RO0008R_00015_100	P1Y-day-max	http://dd.eionet.europa.eu/vocabulary/aq/pollutant/15	2013-01-01 00:00:00	2014-01-01 00:00:00	5.46	ng/m3	65.98240469	61.64383562	93.42465753	-1	1
RO	RO.ANPM.AQ	NET-RO023A	STA-RO0103A	STA-RO0103A	SPO-RO0103A_00015_100	P1Y-day-max	http://dd.eionet.europa.eu/vocabulary/aq/pollutant/15	2013-01-01 00:00:00	2014-01-01 00:00:00	14.94	ng/m3	95.30791789	89.04109589	93.42465753	1	1
RO	RO.ANPM.AQ	NET-RO054A	STA-RO0202A	STA-RO0202A	SPO-RO0202A_00015_100	P1Y-day-max	http://dd.eionet.europa.eu/vocabulary/aq/pollutant/15	2013-01-01 00:00:00	2014-01-01 00:00:00	3.48	ng/m3	78.0058651	72.87671233	93.42465753	-1	1
RO	RO.ANPM.AQ	NET-RO040A	STA-RO0158A	STA-RO0158A	SPO-RO0158A_00015_100	P1Y-day-max	http://dd.eionet.europa.eu/vocabulary/aq/pollutant/15	2013-01-01 00:00:00	2014-01-01 00:00:00	0.03	ng/m3	93.25513196	87.12328767	93.42465753	1	1
RO	RO.ANPM.AQ	NET-RO053A	STA-RO0198A	STA-RO0198A	SPO-RO0198A_00015_100	P1Y-day-max	http://dd.eionet.europa.eu/vocabulary/aq/pollutant/15	2013-01-01 00:00:00	2014-01-01 00:00:00	4.13	ng/m3	60.11730205	56.16438356	93.42465753	-1	1
RO	RO.ANPM.AQ	NET-RO047A	STA-RO0175A	STA-RO0175A	SPO-RO0175A_00015_100	P1Y-day-max	http://dd.eionet.europa.eu/vocabulary/aq/pollutant/15	2013-01-01 00:00:00	2014-01-01 00:00:00	3.13	ng/m3	98.53372434	92.05479452	93.42465753	1	1
RO	RO.ANPM.AQ	NET-RO024A	STA-RO0104A	STA-RO0104A	SPO-RO0104A_00015_100	P1Y-day-max	http://dd.eionet.europa.eu/vocabulary/aq/pollutant/15	2013-01-01 00:00:00	2014-01-01 00:00:00	4.73	ng/m3	81.23167155	75.89041096	93.42465753	1	1
RO	RO.ANPM.AQ	NET-RO016A	STA-RO0066A	STA-RO0066A	SPO-RO0066A_00015_100	P1Y-day-max	http://dd.eionet.europa.eu/vocabulary/aq/pollutant/15	2013-01-01 00:00:00	2014-01-01 00:00:00	20.62	ng/m3	53.07917889	49.5890411	93.42465753	-1	1
RO	RO.ANPM.AQ	NET-RO024A	STA-RO0105A	STA-RO0105A	SPO-RO0105A_00015_100	P1Y-day-max	http://dd.eionet.europa.eu/vocabulary/aq/pollutant/15	2013-01-01 00:00:00	2014-01-01 00:00:00	4.07	ng/m3	87.09677419	81.36986301	93.42465753	1	1
RO	RO.ANPM.AQ	NET-RO054A	STA-RO0200A	STA-RO0200A	SPO-RO0200A_00015_100	P1Y-day-max	http://dd.eionet.europa.eu/vocabulary/aq/pollutant/15	2013-01-01 00:00:00	2014-01-01 00:00:00	5.48	ng/m3	74.78005865	69.8630137	93.42465753	-1	1
RO	RO.ANPM.AQ	NET-RO038A	STA-RO0151A	STA-RO0151A	SPO-RO0151A_00015_100	P1Y-day-max	http://dd.eionet.europa.eu/vocabulary/aq/pollutant/15	2013-01-01 00:00:00	2014-01-01 00:00:00	7.02	ng/m3	73.02052786	68.21917808	93.42465753	-1	1
RO	RO.ANPM.AQ	NET-RO047A	STA-RO0179A	STA-RO0179A	SPO-RO0179A_00015_100	P1Y-day-max	http://dd.eionet.europa.eu/vocabulary/aq/pollutant/15	2013-01-01 00:00:00	2014-01-01 00:00:00	3.63	ng/m3	78.29912023	73.15068493	93.42465753	-1	1
RO	RO.ANPM.AQ	NET-RO036A	STA-RO0141A	STA-RO0141A	SPO-RO0141A_00015_100	P1Y-day-max	http://dd.eionet.europa.eu/vocabulary/aq/pollutant/15	2013-01-01 00:00:00	2014-01-01 00:00:00	8.15	ng/m3	78.0058651	72.87671233	93.42465753	-1	1
RO	RO.ANPM.AQ	NET-RO023A	STA-RO0099A	STA-RO0099A	SPO-RO0099A_00015_100	P1Y-day-max	http://dd.eionet.europa.eu/vocabulary/aq/pollutant/15	2013-01-01 00:00:00	2014-01-01 00:00:00	5.668	ng/m3	76.24633431	71.23287671	93.42465753	-1	1
RO	RO.ANPM.AQ	NET-RO016A	STA-RO0065A	STA-RO0065A	SPO-RO0065A_00015_100	P1Y-day-max	http://dd.eionet.europa.eu/vocabulary/aq/pollutant/15	2013-01-01 00:00:00	2014-01-01 00:00:00	19.7	ng/m3	50.14749263	46.57534247	92.87671233	-1	1
RO	RO.ANPM.AQ	NET-RO053A	STA-RO0193A	STA-RO0193A	SPO-RO0193A_00015_100	P1Y-day-max	http://dd.eionet.europa.eu/vocabulary/aq/pollutant/15	2013-01-01 00:00:00	2014-01-01 00:00:00	7.14	ng/m3	82.40469208	76.98630137	93.42465753	1	1
RO	RO.ANPM.AQ	NET-RO050A	STA-RO0187A	STA-RO0187A	SPO-RO0187A_00015_100	P1Y-day-max	http://dd.eionet.europa.eu/vocabulary/aq/pollutant/15	2013-01-01 00:00:00	2014-01-01 00:00:00	17.26	ng/m3	82.99120235	77.53424658	93.42465753	1	1
RO	RO.ANPM.AQ	NET-RO053A	STA-RO0195A	STA-RO0195A	SPO-RO0195A_00015_100	P1Y-day-max	http://dd.eionet.europa.eu/vocabulary/aq/pollutant/15	2013-01-01 00:00:00	2014-01-01 00:00:00	15.6	ng/m3	86.51026393	80.82191781	93.42465753	1	1
RO	RO.ANPM.AQ	NET-RO029A	STA-RO0121A	STA-RO0121A	SPO-RO0121A_00015_100	P1Y-day-max	http://dd.eionet.europa.eu/vocabulary/aq/pollutant/15	2013-01-01 00:00:00	2014-01-01 00:00:00	20.08	ng/m3	80.64516129	75.34246575	93.42465753	1	1
RO	RO.ANPM.AQ	NET-RO047A	STA-RO0177A	STA-RO0177A	SPO-RO0177A_00015_100	P1Y-day-max	http://dd.eionet.europa.eu/vocabulary/aq/pollutant/15	2013-01-01 00:00:00	2014-01-01 00:00:00	2.86	ng/m3	95.60117302	89.31506849	93.42465753	1	1
RO	RO.ANPM.AQ	NET-RO053A	STA-RO0197A	STA-RO0197A	SPO-RO0197A_00015_100	P1Y-day-min	http://dd.eionet.europa.eu/vocabulary/aq/pollutant/15	2013-01-01 00:00:00	2014-01-01 00:00:00	0.14	ng/m3	94.42815249	88.21917808	93.42465753	1	1
RO	RO.ANPM.AQ	NET-RO046A	STA-RO0174A	STA-RO0174A	SPO-RO0174A_00015_100	P1Y-day-min	http://dd.eionet.europa.eu/vocabulary/aq/pollutant/15	2013-01-01 00:00:00	2014-01-01 00:00:00	0.06	ng/m3	55.71847507	52.05479452	93.42465753	-1	1
RO	RO.ANPM.AQ	NET-RO047A	STA-RO0180A	STA-RO0180A	SPO-RO0180A_00015_100	P1Y-day-min	http://dd.eionet.europa.eu/vocabulary/aq/pollutant/15	2013-01-01 00:00:00	2014-01-01 00:00:00	0.12	ng/m3	83.28445748	77.80821918	93.42465753	1	1
RO	RO.ANPM.AQ	NET-RO040A	STA-RO0155A	STA-RO0155A	SPO-RO0155A_00015_100	P1Y-day-min	http://dd.eionet.europa.eu/vocabulary/aq/pollutant/15	2013-01-01 00:00:00	2014-01-01 00:00:00	0	ng/m3	88.85630499	83.01369863	93.42465753	1	1
RO	RO.ANPM.AQ	NET-RO016A	STA-RO0068A	STA-RO0068A	SPO-RO0068A_00015_100	P1Y-day-min	http://dd.eionet.europa.eu/vocabulary/aq/pollutant/15	2013-01-01 00:00:00	2014-01-01 00:00:00	0	ng/m3	58.65102639	54.79452055	93.42465753	-1	1
RO	RO.ANPM.AQ	NET-RO016A	STA-RO0071A	STA-RO0071A	SPO-RO0071A_00015_100	P1Y-day-min	http://dd.eionet.europa.eu/vocabulary/aq/pollutant/15	2013-01-01 00:00:00	2014-01-01 00:00:00	0.01	ng/m3	65.68914956	61.36986301	93.42465753	-1	1
RO	RO.ANPM.AQ	NET-RO040A	STA-RO0154A	STA-RO0154A	SPO-RO0154A_00015_100	P1Y-day-min	http://dd.eionet.europa.eu/vocabulary/aq/pollutant/15	2013-01-01 00:00:00	2014-01-01 00:00:00	0	ng/m3	90.90909091	84.93150685	93.42465753	1	1
RO	RO.ANPM.AQ	NET-RO038A	STA-RO0152A	STA-RO0152A	SPO-RO0152A_00015_100	P1Y-day-min	http://dd.eionet.europa.eu/vocabulary/aq/pollutant/15	2013-01-01 00:00:00	2014-01-01 00:00:00	0.01	ng/m3	61.29032258	57.26027397	93.42465753	-1	1
RO	RO.ANPM.AQ	NET-RO029A	STA-RO0120A	STA-RO0120A	SPO-RO0120A_00015_100	P1Y-day-min	http://dd.eionet.europa.eu/vocabulary/aq/pollutant/15	2013-01-01 00:00:00	2014-01-01 00:00:00	0	ng/m3	84.16422287	78.63013699	93.42465753	1	1
RO	RO.ANPM.AQ	NET-RO019A	STA-RO0086A	STA-RO0086A	SPO-RO0086A_00015_100	P1Y-day-min	http://dd.eionet.europa.eu/vocabulary/aq/pollutant/15	2013-01-01 00:00:00	2014-01-01 00:00:00	0.04	ng/m3	98.24046921	91.78082192	93.42465753	1	1
RO	RO.ANPM.AQ	NET-RO019A	STA-RO0083A	STA-RO0083A	SPO-RO0083A_00015_100	P1Y-day-min	http://dd.eionet.europa.eu/vocabulary/aq/pollutant/15	2013-01-01 00:00:00	2014-01-01 00:00:00	1.09	ng/m3	80.35190616	75.06849315	93.42465753	1	1
RO	RO.ANPM.AQ	NET-RO051A	STA-RO0008R	STA-RO0008R	SPO-RO0008R_00015_100	P1Y-day-min	http://dd.eionet.europa.eu/vocabulary/aq/pollutant/15	2013-01-01 00:00:00	2014-01-01 00:00:00	0.55	ng/m3	65.98240469	61.64383562	93.42465753	-1	1
RO	RO.ANPM.AQ	NET-RO023A	STA-RO0103A	STA-RO0103A	SPO-RO0103A_00015_100	P1Y-day-min	http://dd.eionet.europa.eu/vocabulary/aq/pollutant/15	2013-01-01 00:00:00	2014-01-01 00:00:00	0	ng/m3	95.30791789	89.04109589	93.42465753	1	1
RO	RO.ANPM.AQ	NET-RO054A	STA-RO0202A	STA-RO0202A	SPO-RO0202A_00015_100	P1Y-day-min	http://dd.eionet.europa.eu/vocabulary/aq/pollutant/15	2013-01-01 00:00:00	2014-01-01 00:00:00	0	ng/m3	78.0058651	72.87671233	93.42465753	-1	1
RO	RO.ANPM.AQ	NET-RO040A	STA-RO0158A	STA-RO0158A	SPO-RO0158A_00015_100	P1Y-day-min	http://dd.eionet.europa.eu/vocabulary/aq/pollutant/15	2013-01-01 00:00:00	2014-01-01 00:00:00	0	ng/m3	93.25513196	87.12328767	93.42465753	1	1
RO	RO.ANPM.AQ	NET-RO053A	STA-RO0198A	STA-RO0198A	SPO-RO0198A_00015_100	P1Y-day-min	http://dd.eionet.europa.eu/vocabulary/aq/pollutant/15	2013-01-01 00:00:00	2014-01-01 00:00:00	0.07	ng/m3	60.11730205	56.16438356	93.42465753	-1	1
RO	RO.ANPM.AQ	NET-RO047A	STA-RO0175A	STA-RO0175A	SPO-RO0175A_00015_100	P1Y-day-min	http://dd.eionet.europa.eu/vocabulary/aq/pollutant/15	2013-01-01 00:00:00	2014-01-01 00:00:00	0.15	ng/m3	98.53372434	92.05479452	93.42465753	1	1
RO	RO.ANPM.AQ	NET-RO024A	STA-RO0104A	STA-RO0104A	SPO-RO0104A_00015_100	P1Y-day-min	http://dd.eionet.europa.eu/vocabulary/aq/pollutant/15	2013-01-01 00:00:00	2014-01-01 00:00:00	0	ng/m3	81.23167155	75.89041096	93.42465753	1	1
RO	RO.ANPM.AQ	NET-RO016A	STA-RO0066A	STA-RO0066A	SPO-RO0066A_00015_100	P1Y-day-min	http://dd.eionet.europa.eu/vocabulary/aq/pollutant/15	2013-01-01 00:00:00	2014-01-01 00:00:00	0	ng/m3	53.07917889	49.5890411	93.42465753	-1	1
RO	RO.ANPM.AQ	NET-RO024A	STA-RO0105A	STA-RO0105A	SPO-RO0105A_00015_100	P1Y-day-min	http://dd.eionet.europa.eu/vocabulary/aq/pollutant/15	2013-01-01 00:00:00	2014-01-01 00:00:00	0.28	ng/m3	87.09677419	81.36986301	93.42465753	1	1
RO	RO.ANPM.AQ	NET-RO054A	STA-RO0200A	STA-RO0200A	SPO-RO0200A_00015_100	P1Y-day-min	http://dd.eionet.europa.eu/vocabulary/aq/pollutant/15	2013-01-01 00:00:00	2014-01-01 00:00:00	0	ng/m3	74.78005865	69.8630137	93.42465753	-1	1
RO	RO.ANPM.AQ	NET-RO038A	STA-RO0151A	STA-RO0151A	SPO-RO0151A_00015_100	P1Y-day-min	http://dd.eionet.europa.eu/vocabulary/aq/pollutant/15	2013-01-01 00:00:00	2014-01-01 00:00:00	0.01	ng/m3	73.02052786	68.21917808	93.42465753	-1	1
RO	RO.ANPM.AQ	NET-RO047A	STA-RO0179A	STA-RO0179A	SPO-RO0179A_00015_100	P1Y-day-min	http://dd.eionet.europa.eu/vocabulary/aq/pollutant/15	2013-01-01 00:00:00	2014-01-01 00:00:00	0.14	ng/m3	78.29912023	73.15068493	93.42465753	-1	1
RO	RO.ANPM.AQ	NET-RO036A	STA-RO0141A	STA-RO0141A	SPO-RO0141A_00015_100	P1Y-day-min	http://dd.eionet.europa.eu/vocabulary/aq/pollutant/15	2013-01-01 00:00:00	2014-01-01 00:00:00	0	ng/m3	78.0058651	72.87671233	93.42465753	-1	1
RO	RO.ANPM.AQ	NET-RO023A	STA-RO0099A	STA-RO0099A	SPO-RO0099A_00015_100	P1Y-day-min	http://dd.eionet.europa.eu/vocabulary/aq/pollutant/15	2013-01-01 00:00:00	2014-01-01 00:00:00	0	ng/m3	76.24633431	71.23287671	93.42465753	-1	1
RO	RO.ANPM.AQ	NET-RO016A	STA-RO0065A	STA-RO0065A	SPO-RO0065A_00015_100	P1Y-day-min	http://dd.eionet.europa.eu/vocabulary/aq/pollutant/15	2013-01-01 00:00:00	2014-01-01 00:00:00	0	ng/m3	50.14749263	46.57534247	92.87671233	-1	1
RO	RO.ANPM.AQ	NET-RO053A	STA-RO0193A	STA-RO0193A	SPO-RO0193A_00015_100	P1Y-day-min	http://dd.eionet.europa.eu/vocabulary/aq/pollutant/15	2013-01-01 00:00:00	2014-01-01 00:00:00	0.08	ng/m3	82.40469208	76.98630137	93.42465753	1	1
RO	RO.ANPM.AQ	NET-RO050A	STA-RO0187A	STA-RO0187A	SPO-RO0187A_00015_100	P1Y-day-min	http://dd.eionet.europa.eu/vocabulary/aq/pollutant/15	2013-01-01 00:00:00	2014-01-01 00:00:00	0.03	ng/m3	82.99120235	77.53424658	93.42465753	1	1
RO	RO.ANPM.AQ	NET-RO053A	STA-RO0195A	STA-RO0195A	SPO-RO0195A_00015_100	P1Y-day-min	http://dd.eionet.europa.eu/vocabulary/aq/pollutant/15	2013-01-01 00:00:00	2014-01-01 00:00:00	0.14	ng/m3	86.51026393	80.82191781	93.42465753	1	1
RO	RO.ANPM.AQ	NET-RO029A	STA-RO0121A	STA-RO0121A	SPO-RO0121A_00015_100	P1Y-day-min	http://dd.eionet.europa.eu/vocabulary/aq/pollutant/15	2013-01-01 00:00:00	2014-01-01 00:00:00	0	ng/m3	80.64516129	75.34246575	93.42465753	1	1
RO	RO.ANPM.AQ	NET-RO047A	STA-RO0177A	STA-RO0177A	SPO-RO0177A_00015_100	P1Y-day-min	http://dd.eionet.europa.eu/vocabulary/aq/pollutant/15	2013-01-01 00:00:00	2014-01-01 00:00:00	0.1	ng/m3	95.60117302	89.31506849	93.42465753	1	1
