Countrycode	Namespace	AirQualityNetwork	AirQualityStationEoICode	AirQualityStation	SamplingPoint	DataAggregationProcess	AirPollutantCode	DatetimeBegin	DatetimeEnd	AirPollutionLevel	UnitOfAirPollutionLevel	DataCapture	DataCoverage	TimeCoverage	Validity	Verification
RO	RO.ANPM.AQ	NET-RO024A	STA-RO0105A	STA-RO0105A	SPO-RO0105A_00014_100	P1Y	http://dd.eionet.europa.eu/vocabulary/aq/pollutant/14	2013-01-01 00:00:00	2014-01-01 00:00:00	0.31562289	ng/m3	87.09677419	81.36986301	93.42465753	1	1
RO	RO.ANPM.AQ	NET-RO046A	STA-RO0174A	STA-RO0174A	SPO-RO0174A_00014_100	P1Y	http://dd.eionet.europa.eu/vocabulary/aq/pollutant/14	2013-01-01 00:00:00	2014-01-01 00:00:00	1.29753926	ng/m3	56.01173021	52.32876712	93.42465753	-1	1
RO	RO.ANPM.AQ	NET-RO023A	STA-RO0099A	STA-RO0099A	SPO-RO0099A_00014_100	P1Y	http://dd.eionet.europa.eu/vocabulary/aq/pollutant/14	2013-01-01 00:00:00	2014-01-01 00:00:00	0.36006153	ng/m3	100	71.23287671	71.23287671	-1	1
RO	RO.ANPM.AQ	NET-RO019A	STA-RO0086A	STA-RO0086A	SPO-RO0086A_00014_100	P1Y	http://dd.eionet.europa.eu/vocabulary/aq/pollutant/14	2013-01-01 00:00:00	2014-01-01 00:00:00	0.24259701	ng/m3	98.24046921	91.78082192	93.42465753	1	1
RO	RO.ANPM.AQ	NET-RO023A	STA-RO0103A	STA-RO0103A	SPO-RO0103A_00014_100	P1Y	http://dd.eionet.europa.eu/vocabulary/aq/pollutant/14	2013-01-01 00:00:00	2014-01-01 00:00:00	0.23104615	ng/m3	95.30791789	89.04109589	93.42465753	1	1
RO	RO.ANPM.AQ	NET-RO038A	STA-RO0151A	STA-RO0151A	SPO-RO0151A_00014_100	P1Y	http://dd.eionet.europa.eu/vocabulary/aq/pollutant/14	2013-01-01 00:00:00	2014-01-01 00:00:00	0.69674556	ng/m3	49.5601173	46.30136986	93.42465753	-1	1
RO	RO.ANPM.AQ	NET-RO029A	STA-RO0121A	STA-RO0121A	SPO-RO0121A_00014_100	P1Y	http://dd.eionet.europa.eu/vocabulary/aq/pollutant/14	2013-01-01 00:00:00	2014-01-01 00:00:00	0.2798909	ng/m3	80.64516129	75.34246575	93.42465753	1	1
RO	RO.ANPM.AQ	NET-RO047A	STA-RO0180A	STA-RO0180A	SPO-RO0180A_00014_100	P1Y	http://dd.eionet.europa.eu/vocabulary/aq/pollutant/14	2013-01-01 00:00:00	2014-01-01 00:00:00	0.67007042	ng/m3	83.28445748	77.80821918	93.42465753	1	1
RO	RO.ANPM.AQ	NET-RO016A	STA-RO0065A	STA-RO0065A	SPO-RO0065A_00014_100	P1Y	http://dd.eionet.europa.eu/vocabulary/aq/pollutant/14	2013-01-01 00:00:00	2014-01-01 00:00:00	0.7832751	ng/m3	67.55162242	62.73972603	92.87671233	-1	1
RO	RO.ANPM.AQ	NET-RO053A	STA-RO0197A	STA-RO0197A	SPO-RO0197A_00014_100	P1Y	http://dd.eionet.europa.eu/vocabulary/aq/pollutant/14	2013-01-01 00:00:00	2014-01-01 00:00:00	1.2123913	ng/m3	94.42815249	88.21917808	93.42465753	1	1
RO	RO.ANPM.AQ	NET-RO050A	STA-RO0187A	STA-RO0187A	SPO-RO0187A_00014_100	P1Y	http://dd.eionet.europa.eu/vocabulary/aq/pollutant/14	2013-01-01 00:00:00	2014-01-01 00:00:00	1.14484098	ng/m3	82.99120235	77.53424658	93.42465753	1	1
RO	RO.ANPM.AQ	NET-RO053A	STA-RO0193A	STA-RO0193A	SPO-RO0193A_00014_100	P1Y	http://dd.eionet.europa.eu/vocabulary/aq/pollutant/14	2013-01-01 00:00:00	2014-01-01 00:00:00	1.12701986	ng/m3	88.56304985	82.73972603	93.42465753	1	1
RO	RO.ANPM.AQ	NET-RO040A	STA-RO0154A	STA-RO0154A	SPO-RO0154A_00014_100	P1Y	http://dd.eionet.europa.eu/vocabulary/aq/pollutant/14	2013-01-01 00:00:00	2014-01-01 00:00:00	0.00451612	ng/m3	90.90909091	84.93150685	93.42465753	1	1
RO	RO.ANPM.AQ	NET-RO054A	STA-RO0200A	STA-RO0200A	SPO-RO0200A_00014_100	P1Y	http://dd.eionet.europa.eu/vocabulary/aq/pollutant/14	2013-01-01 00:00:00	2014-01-01 00:00:00	0.22368627	ng/m3	74.78005865	69.8630137	93.42465753	-1	1
RO	RO.ANPM.AQ	NET-RO042A	STA-RO0161A	STA-RO0161A	SPO-RO0161A_00014_100	P1Y	http://dd.eionet.europa.eu/vocabulary/aq/pollutant/14	2013-01-01 00:00:00	2014-01-01 00:00:00	0.32318181	ng/m3	70.96774194	66.30136986	93.42465753	-1	1
RO	RO.ANPM.AQ	NET-RO053A	STA-RO0198A	STA-RO0198A	SPO-RO0198A_00014_100	P1Y	http://dd.eionet.europa.eu/vocabulary/aq/pollutant/14	2013-01-01 00:00:00	2014-01-01 00:00:00	0.94146341	ng/m3	60.11730205	56.16438356	93.42465753	-1	1
RO	RO.ANPM.AQ	NET-RO040A	STA-RO0155A	STA-RO0155A	SPO-RO0155A_00014_100	P1Y	http://dd.eionet.europa.eu/vocabulary/aq/pollutant/14	2013-01-01 00:00:00	2014-01-01 00:00:00	0.00438943	ng/m3	88.85630499	83.01369863	93.42465753	1	1
RO	RO.ANPM.AQ	NET-RO042A	STA-RO0163A	STA-RO0163A	SPO-RO0163A_00014_100	P1Y	http://dd.eionet.europa.eu/vocabulary/aq/pollutant/14	2013-01-01 00:00:00	2014-01-01 00:00:00	0.36121093	ng/m3	75.07331378	70.1369863	93.42465753	-1	1
RO	RO.ANPM.AQ	NET-RO042A	STA-RO0162A	STA-RO0162A	SPO-RO0162A_00014_100	P1Y	http://dd.eionet.europa.eu/vocabulary/aq/pollutant/14	2013-01-01 00:00:00	2014-01-01 00:00:00	0.36346774	ng/m3	72.72727273	67.94520548	93.42465753	-1	1
RO	RO.ANPM.AQ	NET-RO051A	STA-RO0008R	STA-RO0008R	SPO-RO0008R_00014_100	P1Y	http://dd.eionet.europa.eu/vocabulary/aq/pollutant/14	2013-01-01 00:00:00	2014-01-01 00:00:00	0.19737777	ng/m3	65.98240469	61.64383562	93.42465753	-1	1
RO	RO.ANPM.AQ	NET-RO019A	STA-RO0083A	STA-RO0083A	SPO-RO0083A_00014_100	P1Y	http://dd.eionet.europa.eu/vocabulary/aq/pollutant/14	2013-01-01 00:00:00	2014-01-01 00:00:00	0.8529562	ng/m3	80.35190616	75.06849315	93.42465753	1	1
RO	RO.ANPM.AQ	NET-RO047A	STA-RO0179A	STA-RO0179A	SPO-RO0179A_00014_100	P1Y	http://dd.eionet.europa.eu/vocabulary/aq/pollutant/14	2013-01-01 00:00:00	2014-01-01 00:00:00	0.66704119	ng/m3	78.29912023	73.15068493	93.42465753	-1	1
RO	RO.ANPM.AQ	NET-RO047A	STA-RO0175A	STA-RO0175A	SPO-RO0175A_00014_100	P1Y	http://dd.eionet.europa.eu/vocabulary/aq/pollutant/14	2013-01-01 00:00:00	2014-01-01 00:00:00	0.63333333	ng/m3	98.53372434	92.05479452	93.42465753	1	1
RO	RO.ANPM.AQ	NET-RO024A	STA-RO0104A	STA-RO0104A	SPO-RO0104A_00014_100	P1Y	http://dd.eionet.europa.eu/vocabulary/aq/pollutant/14	2013-01-01 00:00:00	2014-01-01 00:00:00	0.29898916	ng/m3	81.23167155	75.89041096	93.42465753	1	1
RO	RO.ANPM.AQ	NET-RO040A	STA-RO0158A	STA-RO0158A	SPO-RO0158A_00014_100	P1Y	http://dd.eionet.europa.eu/vocabulary/aq/pollutant/14	2013-01-01 00:00:00	2014-01-01 00:00:00	0.00248427	ng/m3	93.25513196	87.12328767	93.42465753	1	1
RO	RO.ANPM.AQ	NET-RO016A	STA-RO0068A	STA-RO0068A	SPO-RO0068A_00014_100	P1Y	http://dd.eionet.europa.eu/vocabulary/aq/pollutant/14	2013-01-01 00:00:00	2014-01-01 00:00:00	0.65841924	ng/m3	85.3372434	79.7260274	93.42465753	1	1
RO	RO.ANPM.AQ	NET-RO047A	STA-RO0177A	STA-RO0177A	SPO-RO0177A_00014_100	P1Y	http://dd.eionet.europa.eu/vocabulary/aq/pollutant/14	2013-01-01 00:00:00	2014-01-01 00:00:00	0.56260736	ng/m3	95.60117302	89.31506849	93.42465753	1	1
RO	RO.ANPM.AQ	NET-RO036A	STA-RO0141A	STA-RO0141A	SPO-RO0141A_00014_100	P1Y	http://dd.eionet.europa.eu/vocabulary/aq/pollutant/14	2013-01-01 00:00:00	2014-01-01 00:00:00	0.27515037	ng/m3	78.0058651	72.87671233	93.42465753	-1	1
RO	RO.ANPM.AQ	NET-RO029A	STA-RO0120A	STA-RO0120A	SPO-RO0120A_00014_100	P1Y	http://dd.eionet.europa.eu/vocabulary/aq/pollutant/14	2013-01-01 00:00:00	2014-01-01 00:00:00	0.69951219	ng/m3	84.16422287	78.63013699	93.42465753	1	1
RO	RO.ANPM.AQ	NET-RO016A	STA-RO0071A	STA-RO0071A	SPO-RO0071A_00014_100	P1Y	http://dd.eionet.europa.eu/vocabulary/aq/pollutant/14	2013-01-01 00:00:00	2014-01-01 00:00:00	0.57264462	ng/m3	70.96774194	66.30136986	93.42465753	-1	1
RO	RO.ANPM.AQ	NET-RO016A	STA-RO0066A	STA-RO0066A	SPO-RO0066A_00014_100	P1Y	http://dd.eionet.europa.eu/vocabulary/aq/pollutant/14	2013-01-01 00:00:00	2014-01-01 00:00:00	0.72610294	ng/m3	79.76539589	74.52054795	93.42465753	-1	1
RO	RO.ANPM.AQ	NET-RO054A	STA-RO0202A	STA-RO0202A	SPO-RO0202A_00014_100	P1Y	http://dd.eionet.europa.eu/vocabulary/aq/pollutant/14	2013-01-01 00:00:00	2014-01-01 00:00:00	0.17229323	ng/m3	78.0058651	72.87671233	93.42465753	-1	1
RO	RO.ANPM.AQ	NET-RO053A	STA-RO0195A	STA-RO0195A	SPO-RO0195A_00014_100	P1Y	http://dd.eionet.europa.eu/vocabulary/aq/pollutant/14	2013-01-01 00:00:00	2014-01-01 00:00:00	1.13355932	ng/m3	86.51026393	80.82191781	93.42465753	1	1
RO	RO.ANPM.AQ	NET-RO040A	STA-RO0158A	STA-RO0158A	SPO-RO0158A_00014_100	P1Y-day-per50	http://dd.eionet.europa.eu/vocabulary/aq/pollutant/14	2013-01-01 00:00:00	2014-01-01 00:00:00	0	ng/m3	93.25513196	87.12328767	93.42465753	1	1
RO	RO.ANPM.AQ	NET-RO036A	STA-RO0141A	STA-RO0141A	SPO-RO0141A_00014_100	P1Y-day-per50	http://dd.eionet.europa.eu/vocabulary/aq/pollutant/14	2013-01-01 00:00:00	2014-01-01 00:00:00	0.23	ng/m3	78.0058651	72.87671233	93.42465753	-1	1
RO	RO.ANPM.AQ	NET-RO040A	STA-RO0155A	STA-RO0155A	SPO-RO0155A_00014_100	P1Y-day-per50	http://dd.eionet.europa.eu/vocabulary/aq/pollutant/14	2013-01-01 00:00:00	2014-01-01 00:00:00	0	ng/m3	88.85630499	83.01369863	93.42465753	1	1
RO	RO.ANPM.AQ	NET-RO051A	STA-RO0008R	STA-RO0008R	SPO-RO0008R_00014_100	P1Y-day-per50	http://dd.eionet.europa.eu/vocabulary/aq/pollutant/14	2013-01-01 00:00:00	2014-01-01 00:00:00	0.13	ng/m3	65.98240469	61.64383562	93.42465753	-1	1
RO	RO.ANPM.AQ	NET-RO023A	STA-RO0099A	STA-RO0099A	SPO-RO0099A_00014_100	P1Y-day-per50	http://dd.eionet.europa.eu/vocabulary/aq/pollutant/14	2013-01-01 00:00:00	2014-01-01 00:00:00	0.24	ng/m3	100	71.23287671	71.23287671	-1	1
RO	RO.ANPM.AQ	NET-RO047A	STA-RO0179A	STA-RO0179A	SPO-RO0179A_00014_100	P1Y-day-per50	http://dd.eionet.europa.eu/vocabulary/aq/pollutant/14	2013-01-01 00:00:00	2014-01-01 00:00:00	0.53	ng/m3	78.29912023	73.15068493	93.42465753	-1	1
RO	RO.ANPM.AQ	NET-RO054A	STA-RO0202A	STA-RO0202A	SPO-RO0202A_00014_100	P1Y-day-per50	http://dd.eionet.europa.eu/vocabulary/aq/pollutant/14	2013-01-01 00:00:00	2014-01-01 00:00:00	0.13	ng/m3	78.0058651	72.87671233	93.42465753	-1	1
RO	RO.ANPM.AQ	NET-RO046A	STA-RO0174A	STA-RO0174A	SPO-RO0174A_00014_100	P1Y-day-per50	http://dd.eionet.europa.eu/vocabulary/aq/pollutant/14	2013-01-01 00:00:00	2014-01-01 00:00:00	1.03	ng/m3	56.01173021	52.32876712	93.42465753	-1	1
RO	RO.ANPM.AQ	NET-RO024A	STA-RO0104A	STA-RO0104A	SPO-RO0104A_00014_100	P1Y-day-per50	http://dd.eionet.europa.eu/vocabulary/aq/pollutant/14	2013-01-01 00:00:00	2014-01-01 00:00:00	0.28	ng/m3	81.23167155	75.89041096	93.42465753	1	1
RO	RO.ANPM.AQ	NET-RO023A	STA-RO0103A	STA-RO0103A	SPO-RO0103A_00014_100	P1Y-day-per50	http://dd.eionet.europa.eu/vocabulary/aq/pollutant/14	2013-01-01 00:00:00	2014-01-01 00:00:00	0.19	ng/m3	95.30791789	89.04109589	93.42465753	1	1
RO	RO.ANPM.AQ	NET-RO053A	STA-RO0197A	STA-RO0197A	SPO-RO0197A_00014_100	P1Y-day-per50	http://dd.eionet.europa.eu/vocabulary/aq/pollutant/14	2013-01-01 00:00:00	2014-01-01 00:00:00	1.06	ng/m3	94.42815249	88.21917808	93.42465753	1	1
RO	RO.ANPM.AQ	NET-RO053A	STA-RO0198A	STA-RO0198A	SPO-RO0198A_00014_100	P1Y-day-per50	http://dd.eionet.europa.eu/vocabulary/aq/pollutant/14	2013-01-01 00:00:00	2014-01-01 00:00:00	0.75	ng/m3	60.11730205	56.16438356	93.42465753	-1	1
RO	RO.ANPM.AQ	NET-RO050A	STA-RO0187A	STA-RO0187A	SPO-RO0187A_00014_100	P1Y-day-per50	http://dd.eionet.europa.eu/vocabulary/aq/pollutant/14	2013-01-01 00:00:00	2014-01-01 00:00:00	0.81	ng/m3	82.99120235	77.53424658	93.42465753	1	1
RO	RO.ANPM.AQ	NET-RO040A	STA-RO0154A	STA-RO0154A	SPO-RO0154A_00014_100	P1Y-day-per50	http://dd.eionet.europa.eu/vocabulary/aq/pollutant/14	2013-01-01 00:00:00	2014-01-01 00:00:00	0	ng/m3	90.90909091	84.93150685	93.42465753	1	1
RO	RO.ANPM.AQ	NET-RO047A	STA-RO0175A	STA-RO0175A	SPO-RO0175A_00014_100	P1Y-day-per50	http://dd.eionet.europa.eu/vocabulary/aq/pollutant/14	2013-01-01 00:00:00	2014-01-01 00:00:00	0.5	ng/m3	98.53372434	92.05479452	93.42465753	1	1
RO	RO.ANPM.AQ	NET-RO016A	STA-RO0065A	STA-RO0065A	SPO-RO0065A_00014_100	P1Y-day-per50	http://dd.eionet.europa.eu/vocabulary/aq/pollutant/14	2013-01-01 00:00:00	2014-01-01 00:00:00	0.35	ng/m3	67.55162242	62.73972603	92.87671233	-1	1
RO	RO.ANPM.AQ	NET-RO042A	STA-RO0162A	STA-RO0162A	SPO-RO0162A_00014_100	P1Y-day-per50	http://dd.eionet.europa.eu/vocabulary/aq/pollutant/14	2013-01-01 00:00:00	2014-01-01 00:00:00	0.24	ng/m3	72.72727273	67.94520548	93.42465753	-1	1
RO	RO.ANPM.AQ	NET-RO029A	STA-RO0120A	STA-RO0120A	SPO-RO0120A_00014_100	P1Y-day-per50	http://dd.eionet.europa.eu/vocabulary/aq/pollutant/14	2013-01-01 00:00:00	2014-01-01 00:00:00	0.44	ng/m3	84.16422287	78.63013699	93.42465753	1	1
RO	RO.ANPM.AQ	NET-RO016A	STA-RO0066A	STA-RO0066A	SPO-RO0066A_00014_100	P1Y-day-per50	http://dd.eionet.europa.eu/vocabulary/aq/pollutant/14	2013-01-01 00:00:00	2014-01-01 00:00:00	0.35	ng/m3	79.76539589	74.52054795	93.42465753	-1	1
RO	RO.ANPM.AQ	NET-RO029A	STA-RO0121A	STA-RO0121A	SPO-RO0121A_00014_100	P1Y-day-per50	http://dd.eionet.europa.eu/vocabulary/aq/pollutant/14	2013-01-01 00:00:00	2014-01-01 00:00:00	0.18	ng/m3	80.64516129	75.34246575	93.42465753	1	1
RO	RO.ANPM.AQ	NET-RO038A	STA-RO0151A	STA-RO0151A	SPO-RO0151A_00014_100	P1Y-day-per50	http://dd.eionet.europa.eu/vocabulary/aq/pollutant/14	2013-01-01 00:00:00	2014-01-01 00:00:00	0.4	ng/m3	49.5601173	46.30136986	93.42465753	-1	1
RO	RO.ANPM.AQ	NET-RO053A	STA-RO0195A	STA-RO0195A	SPO-RO0195A_00014_100	P1Y-day-per50	http://dd.eionet.europa.eu/vocabulary/aq/pollutant/14	2013-01-01 00:00:00	2014-01-01 00:00:00	0.99	ng/m3	86.51026393	80.82191781	93.42465753	1	1
RO	RO.ANPM.AQ	NET-RO047A	STA-RO0177A	STA-RO0177A	SPO-RO0177A_00014_100	P1Y-day-per50	http://dd.eionet.europa.eu/vocabulary/aq/pollutant/14	2013-01-01 00:00:00	2014-01-01 00:00:00	0.42	ng/m3	95.60117302	89.31506849	93.42465753	1	1
RO	RO.ANPM.AQ	NET-RO054A	STA-RO0200A	STA-RO0200A	SPO-RO0200A_00014_100	P1Y-day-per50	http://dd.eionet.europa.eu/vocabulary/aq/pollutant/14	2013-01-01 00:00:00	2014-01-01 00:00:00	0.15	ng/m3	74.78005865	69.8630137	93.42465753	-1	1
RO	RO.ANPM.AQ	NET-RO042A	STA-RO0163A	STA-RO0163A	SPO-RO0163A_00014_100	P1Y-day-per50	http://dd.eionet.europa.eu/vocabulary/aq/pollutant/14	2013-01-01 00:00:00	2014-01-01 00:00:00	0.25	ng/m3	75.07331378	70.1369863	93.42465753	-1	1
RO	RO.ANPM.AQ	NET-RO016A	STA-RO0071A	STA-RO0071A	SPO-RO0071A_00014_100	P1Y-day-per50	http://dd.eionet.europa.eu/vocabulary/aq/pollutant/14	2013-01-01 00:00:00	2014-01-01 00:00:00	0.37	ng/m3	70.96774194	66.30136986	93.42465753	-1	1
RO	RO.ANPM.AQ	NET-RO019A	STA-RO0083A	STA-RO0083A	SPO-RO0083A_00014_100	P1Y-day-per50	http://dd.eionet.europa.eu/vocabulary/aq/pollutant/14	2013-01-01 00:00:00	2014-01-01 00:00:00	0.8	ng/m3	80.35190616	75.06849315	93.42465753	1	1
RO	RO.ANPM.AQ	NET-RO019A	STA-RO0086A	STA-RO0086A	SPO-RO0086A_00014_100	P1Y-day-per50	http://dd.eionet.europa.eu/vocabulary/aq/pollutant/14	2013-01-01 00:00:00	2014-01-01 00:00:00	0.13	ng/m3	98.24046921	91.78082192	93.42465753	1	1
RO	RO.ANPM.AQ	NET-RO053A	STA-RO0193A	STA-RO0193A	SPO-RO0193A_00014_100	P1Y-day-per50	http://dd.eionet.europa.eu/vocabulary/aq/pollutant/14	2013-01-01 00:00:00	2014-01-01 00:00:00	1	ng/m3	88.56304985	82.73972603	93.42465753	1	1
RO	RO.ANPM.AQ	NET-RO016A	STA-RO0068A	STA-RO0068A	SPO-RO0068A_00014_100	P1Y-day-per50	http://dd.eionet.europa.eu/vocabulary/aq/pollutant/14	2013-01-01 00:00:00	2014-01-01 00:00:00	0.33	ng/m3	85.3372434	79.7260274	93.42465753	1	1
RO	RO.ANPM.AQ	NET-RO047A	STA-RO0180A	STA-RO0180A	SPO-RO0180A_00014_100	P1Y-day-per50	http://dd.eionet.europa.eu/vocabulary/aq/pollutant/14	2013-01-01 00:00:00	2014-01-01 00:00:00	0.52	ng/m3	83.28445748	77.80821918	93.42465753	1	1
RO	RO.ANPM.AQ	NET-RO024A	STA-RO0105A	STA-RO0105A	SPO-RO0105A_00014_100	P1Y-day-per50	http://dd.eionet.europa.eu/vocabulary/aq/pollutant/14	2013-01-01 00:00:00	2014-01-01 00:00:00	0.3	ng/m3	87.09677419	81.36986301	93.42465753	1	1
RO	RO.ANPM.AQ	NET-RO042A	STA-RO0161A	STA-RO0161A	SPO-RO0161A_00014_100	P1Y-day-per50	http://dd.eionet.europa.eu/vocabulary/aq/pollutant/14	2013-01-01 00:00:00	2014-01-01 00:00:00	0.23	ng/m3	70.96774194	66.30136986	93.42465753	-1	1
RO	RO.ANPM.AQ	NET-RO046A	STA-RO0174A	STA-RO0174A	SPO-RO0174A_00014_100	P1Y-day-max	http://dd.eionet.europa.eu/vocabulary/aq/pollutant/14	2013-01-01 00:00:00	2014-01-01 00:00:00	5.63	ng/m3	56.01173021	52.32876712	93.42465753	-1	1
RO	RO.ANPM.AQ	NET-RO024A	STA-RO0105A	STA-RO0105A	SPO-RO0105A_00014_100	P1Y-day-max	http://dd.eionet.europa.eu/vocabulary/aq/pollutant/14	2013-01-01 00:00:00	2014-01-01 00:00:00	0.61	ng/m3	87.09677419	81.36986301	93.42465753	1	1
RO	RO.ANPM.AQ	NET-RO038A	STA-RO0151A	STA-RO0151A	SPO-RO0151A_00014_100	P1Y-day-max	http://dd.eionet.europa.eu/vocabulary/aq/pollutant/14	2013-01-01 00:00:00	2014-01-01 00:00:00	8.55	ng/m3	49.5601173	46.30136986	93.42465753	-1	1
RO	RO.ANPM.AQ	NET-RO019A	STA-RO0086A	STA-RO0086A	SPO-RO0086A_00014_100	P1Y-day-max	http://dd.eionet.europa.eu/vocabulary/aq/pollutant/14	2013-01-01 00:00:00	2014-01-01 00:00:00	1.62	ng/m3	98.24046921	91.78082192	93.42465753	1	1
RO	RO.ANPM.AQ	NET-RO023A	STA-RO0103A	STA-RO0103A	SPO-RO0103A_00014_100	P1Y-day-max	http://dd.eionet.europa.eu/vocabulary/aq/pollutant/14	2013-01-01 00:00:00	2014-01-01 00:00:00	1.89	ng/m3	95.30791789	89.04109589	93.42465753	1	1
RO	RO.ANPM.AQ	NET-RO023A	STA-RO0099A	STA-RO0099A	SPO-RO0099A_00014_100	P1Y-day-max	http://dd.eionet.europa.eu/vocabulary/aq/pollutant/14	2013-01-01 00:00:00	2014-01-01 00:00:00	2.803	ng/m3	100	71.23287671	71.23287671	-1	1
RO	RO.ANPM.AQ	NET-RO050A	STA-RO0187A	STA-RO0187A	SPO-RO0187A_00014_100	P1Y-day-max	http://dd.eionet.europa.eu/vocabulary/aq/pollutant/14	2013-01-01 00:00:00	2014-01-01 00:00:00	10.08	ng/m3	82.99120235	77.53424658	93.42465753	1	1
RO	RO.ANPM.AQ	NET-RO040A	STA-RO0154A	STA-RO0154A	SPO-RO0154A_00014_100	P1Y-day-max	http://dd.eionet.europa.eu/vocabulary/aq/pollutant/14	2013-01-01 00:00:00	2014-01-01 00:00:00	0.02	ng/m3	90.90909091	84.93150685	93.42465753	1	1
RO	RO.ANPM.AQ	NET-RO029A	STA-RO0121A	STA-RO0121A	SPO-RO0121A_00014_100	P1Y-day-max	http://dd.eionet.europa.eu/vocabulary/aq/pollutant/14	2013-01-01 00:00:00	2014-01-01 00:00:00	2.54	ng/m3	80.64516129	75.34246575	93.42465753	1	1
RO	RO.ANPM.AQ	NET-RO047A	STA-RO0180A	STA-RO0180A	SPO-RO0180A_00014_100	P1Y-day-max	http://dd.eionet.europa.eu/vocabulary/aq/pollutant/14	2013-01-01 00:00:00	2014-01-01 00:00:00	4.04	ng/m3	83.28445748	77.80821918	93.42465753	1	1
RO	RO.ANPM.AQ	NET-RO053A	STA-RO0197A	STA-RO0197A	SPO-RO0197A_00014_100	P1Y-day-max	http://dd.eionet.europa.eu/vocabulary/aq/pollutant/14	2013-01-01 00:00:00	2014-01-01 00:00:00	3.85	ng/m3	94.42815249	88.21917808	93.42465753	1	1
RO	RO.ANPM.AQ	NET-RO053A	STA-RO0193A	STA-RO0193A	SPO-RO0193A_00014_100	P1Y-day-max	http://dd.eionet.europa.eu/vocabulary/aq/pollutant/14	2013-01-01 00:00:00	2014-01-01 00:00:00	3.27	ng/m3	88.56304985	82.73972603	93.42465753	1	1
RO	RO.ANPM.AQ	NET-RO016A	STA-RO0065A	STA-RO0065A	SPO-RO0065A_00014_100	P1Y-day-max	http://dd.eionet.europa.eu/vocabulary/aq/pollutant/14	2013-01-01 00:00:00	2014-01-01 00:00:00	7.13	ng/m3	67.55162242	62.73972603	92.87671233	-1	1
RO	RO.ANPM.AQ	NET-RO042A	STA-RO0161A	STA-RO0161A	SPO-RO0161A_00014_100	P1Y-day-max	http://dd.eionet.europa.eu/vocabulary/aq/pollutant/14	2013-01-01 00:00:00	2014-01-01 00:00:00	2.19	ng/m3	70.96774194	66.30136986	93.42465753	-1	1
RO	RO.ANPM.AQ	NET-RO053A	STA-RO0198A	STA-RO0198A	SPO-RO0198A_00014_100	P1Y-day-max	http://dd.eionet.europa.eu/vocabulary/aq/pollutant/14	2013-01-01 00:00:00	2014-01-01 00:00:00	3.48	ng/m3	60.11730205	56.16438356	93.42465753	-1	1
RO	RO.ANPM.AQ	NET-RO040A	STA-RO0155A	STA-RO0155A	SPO-RO0155A_00014_100	P1Y-day-max	http://dd.eionet.europa.eu/vocabulary/aq/pollutant/14	2013-01-01 00:00:00	2014-01-01 00:00:00	0.02	ng/m3	88.85630499	83.01369863	93.42465753	1	1
RO	RO.ANPM.AQ	NET-RO054A	STA-RO0200A	STA-RO0200A	SPO-RO0200A_00014_100	P1Y-day-max	http://dd.eionet.europa.eu/vocabulary/aq/pollutant/14	2013-01-01 00:00:00	2014-01-01 00:00:00	3.33	ng/m3	74.78005865	69.8630137	93.42465753	-1	1
RO	RO.ANPM.AQ	NET-RO042A	STA-RO0163A	STA-RO0163A	SPO-RO0163A_00014_100	P1Y-day-max	http://dd.eionet.europa.eu/vocabulary/aq/pollutant/14	2013-01-01 00:00:00	2014-01-01 00:00:00	1.55	ng/m3	75.07331378	70.1369863	93.42465753	-1	1
RO	RO.ANPM.AQ	NET-RO042A	STA-RO0162A	STA-RO0162A	SPO-RO0162A_00014_100	P1Y-day-max	http://dd.eionet.europa.eu/vocabulary/aq/pollutant/14	2013-01-01 00:00:00	2014-01-01 00:00:00	8.07	ng/m3	72.72727273	67.94520548	93.42465753	-1	1
RO	RO.ANPM.AQ	NET-RO024A	STA-RO0104A	STA-RO0104A	SPO-RO0104A_00014_100	P1Y-day-max	http://dd.eionet.europa.eu/vocabulary/aq/pollutant/14	2013-01-01 00:00:00	2014-01-01 00:00:00	0.54	ng/m3	81.23167155	75.89041096	93.42465753	1	1
RO	RO.ANPM.AQ	NET-RO047A	STA-RO0175A	STA-RO0175A	SPO-RO0175A_00014_100	P1Y-day-max	http://dd.eionet.europa.eu/vocabulary/aq/pollutant/14	2013-01-01 00:00:00	2014-01-01 00:00:00	2.8	ng/m3	98.53372434	92.05479452	93.42465753	1	1
RO	RO.ANPM.AQ	NET-RO051A	STA-RO0008R	STA-RO0008R	SPO-RO0008R_00014_100	P1Y-day-max	http://dd.eionet.europa.eu/vocabulary/aq/pollutant/14	2013-01-01 00:00:00	2014-01-01 00:00:00	0.82	ng/m3	65.98240469	61.64383562	93.42465753	-1	1
RO	RO.ANPM.AQ	NET-RO047A	STA-RO0179A	STA-RO0179A	SPO-RO0179A_00014_100	P1Y-day-max	http://dd.eionet.europa.eu/vocabulary/aq/pollutant/14	2013-01-01 00:00:00	2014-01-01 00:00:00	2.44	ng/m3	78.29912023	73.15068493	93.42465753	-1	1
RO	RO.ANPM.AQ	NET-RO019A	STA-RO0083A	STA-RO0083A	SPO-RO0083A_00014_100	P1Y-day-max	http://dd.eionet.europa.eu/vocabulary/aq/pollutant/14	2013-01-01 00:00:00	2014-01-01 00:00:00	3.88	ng/m3	80.35190616	75.06849315	93.42465753	1	1
RO	RO.ANPM.AQ	NET-RO047A	STA-RO0177A	STA-RO0177A	SPO-RO0177A_00014_100	P1Y-day-max	http://dd.eionet.europa.eu/vocabulary/aq/pollutant/14	2013-01-01 00:00:00	2014-01-01 00:00:00	2.1	ng/m3	95.60117302	89.31506849	93.42465753	1	1
RO	RO.ANPM.AQ	NET-RO036A	STA-RO0141A	STA-RO0141A	SPO-RO0141A_00014_100	P1Y-day-max	http://dd.eionet.europa.eu/vocabulary/aq/pollutant/14	2013-01-01 00:00:00	2014-01-01 00:00:00	1.01	ng/m3	78.0058651	72.87671233	93.42465753	-1	1
RO	RO.ANPM.AQ	NET-RO040A	STA-RO0158A	STA-RO0158A	SPO-RO0158A_00014_100	P1Y-day-max	http://dd.eionet.europa.eu/vocabulary/aq/pollutant/14	2013-01-01 00:00:00	2014-01-01 00:00:00	0.02	ng/m3	93.25513196	87.12328767	93.42465753	1	1
RO	RO.ANPM.AQ	NET-RO016A	STA-RO0068A	STA-RO0068A	SPO-RO0068A_00014_100	P1Y-day-max	http://dd.eionet.europa.eu/vocabulary/aq/pollutant/14	2013-01-01 00:00:00	2014-01-01 00:00:00	5.42	ng/m3	85.3372434	79.7260274	93.42465753	1	1
RO	RO.ANPM.AQ	NET-RO029A	STA-RO0120A	STA-RO0120A	SPO-RO0120A_00014_100	P1Y-day-max	http://dd.eionet.europa.eu/vocabulary/aq/pollutant/14	2013-01-01 00:00:00	2014-01-01 00:00:00	10.47	ng/m3	84.16422287	78.63013699	93.42465753	1	1
RO	RO.ANPM.AQ	NET-RO054A	STA-RO0202A	STA-RO0202A	SPO-RO0202A_00014_100	P1Y-day-max	http://dd.eionet.europa.eu/vocabulary/aq/pollutant/14	2013-01-01 00:00:00	2014-01-01 00:00:00	1.83	ng/m3	78.0058651	72.87671233	93.42465753	-1	1
RO	RO.ANPM.AQ	NET-RO016A	STA-RO0071A	STA-RO0071A	SPO-RO0071A_00014_100	P1Y-day-max	http://dd.eionet.europa.eu/vocabulary/aq/pollutant/14	2013-01-01 00:00:00	2014-01-01 00:00:00	5.75	ng/m3	70.96774194	66.30136986	93.42465753	-1	1
RO	RO.ANPM.AQ	NET-RO016A	STA-RO0066A	STA-RO0066A	SPO-RO0066A_00014_100	P1Y-day-max	http://dd.eionet.europa.eu/vocabulary/aq/pollutant/14	2013-01-01 00:00:00	2014-01-01 00:00:00	5.47	ng/m3	79.76539589	74.52054795	93.42465753	-1	1
RO	RO.ANPM.AQ	NET-RO053A	STA-RO0195A	STA-RO0195A	SPO-RO0195A_00014_100	P1Y-day-max	http://dd.eionet.europa.eu/vocabulary/aq/pollutant/14	2013-01-01 00:00:00	2014-01-01 00:00:00	3.76	ng/m3	86.51026393	80.82191781	93.42465753	1	1
RO	RO.ANPM.AQ	NET-RO046A	STA-RO0174A	STA-RO0174A	SPO-RO0174A_00014_100	P1Y-day-min	http://dd.eionet.europa.eu/vocabulary/aq/pollutant/14	2013-01-01 00:00:00	2014-01-01 00:00:00	0.04	ng/m3	56.01173021	52.32876712	93.42465753	-1	1
RO	RO.ANPM.AQ	NET-RO024A	STA-RO0105A	STA-RO0105A	SPO-RO0105A_00014_100	P1Y-day-min	http://dd.eionet.europa.eu/vocabulary/aq/pollutant/14	2013-01-01 00:00:00	2014-01-01 00:00:00	0.13	ng/m3	87.09677419	81.36986301	93.42465753	1	1
RO	RO.ANPM.AQ	NET-RO038A	STA-RO0151A	STA-RO0151A	SPO-RO0151A_00014_100	P1Y-day-min	http://dd.eionet.europa.eu/vocabulary/aq/pollutant/14	2013-01-01 00:00:00	2014-01-01 00:00:00	0.02	ng/m3	49.5601173	46.30136986	93.42465753	-1	1
RO	RO.ANPM.AQ	NET-RO019A	STA-RO0086A	STA-RO0086A	SPO-RO0086A_00014_100	P1Y-day-min	http://dd.eionet.europa.eu/vocabulary/aq/pollutant/14	2013-01-01 00:00:00	2014-01-01 00:00:00	0.02	ng/m3	98.24046921	91.78082192	93.42465753	1	1
RO	RO.ANPM.AQ	NET-RO023A	STA-RO0103A	STA-RO0103A	SPO-RO0103A_00014_100	P1Y-day-min	http://dd.eionet.europa.eu/vocabulary/aq/pollutant/14	2013-01-01 00:00:00	2014-01-01 00:00:00	0	ng/m3	95.30791789	89.04109589	93.42465753	1	1
RO	RO.ANPM.AQ	NET-RO023A	STA-RO0099A	STA-RO0099A	SPO-RO0099A_00014_100	P1Y-day-min	http://dd.eionet.europa.eu/vocabulary/aq/pollutant/14	2013-01-01 00:00:00	2014-01-01 00:00:00	0	ng/m3	100	71.23287671	71.23287671	-1	1
RO	RO.ANPM.AQ	NET-RO050A	STA-RO0187A	STA-RO0187A	SPO-RO0187A_00014_100	P1Y-day-min	http://dd.eionet.europa.eu/vocabulary/aq/pollutant/14	2013-01-01 00:00:00	2014-01-01 00:00:00	0.06	ng/m3	82.99120235	77.53424658	93.42465753	1	1
RO	RO.ANPM.AQ	NET-RO040A	STA-RO0154A	STA-RO0154A	SPO-RO0154A_00014_100	P1Y-day-min	http://dd.eionet.europa.eu/vocabulary/aq/pollutant/14	2013-01-01 00:00:00	2014-01-01 00:00:00	0	ng/m3	90.90909091	84.93150685	93.42465753	1	1
RO	RO.ANPM.AQ	NET-RO029A	STA-RO0121A	STA-RO0121A	SPO-RO0121A_00014_100	P1Y-day-min	http://dd.eionet.europa.eu/vocabulary/aq/pollutant/14	2013-01-01 00:00:00	2014-01-01 00:00:00	0	ng/m3	80.64516129	75.34246575	93.42465753	1	1
RO	RO.ANPM.AQ	NET-RO047A	STA-RO0180A	STA-RO0180A	SPO-RO0180A_00014_100	P1Y-day-min	http://dd.eionet.europa.eu/vocabulary/aq/pollutant/14	2013-01-01 00:00:00	2014-01-01 00:00:00	0.07	ng/m3	83.28445748	77.80821918	93.42465753	1	1
RO	RO.ANPM.AQ	NET-RO053A	STA-RO0197A	STA-RO0197A	SPO-RO0197A_00014_100	P1Y-day-min	http://dd.eionet.europa.eu/vocabulary/aq/pollutant/14	2013-01-01 00:00:00	2014-01-01 00:00:00	0.23	ng/m3	94.42815249	88.21917808	93.42465753	1	1
RO	RO.ANPM.AQ	NET-RO053A	STA-RO0193A	STA-RO0193A	SPO-RO0193A_00014_100	P1Y-day-min	http://dd.eionet.europa.eu/vocabulary/aq/pollutant/14	2013-01-01 00:00:00	2014-01-01 00:00:00	0.22	ng/m3	88.56304985	82.73972603	93.42465753	1	1
RO	RO.ANPM.AQ	NET-RO016A	STA-RO0065A	STA-RO0065A	SPO-RO0065A_00014_100	P1Y-day-min	http://dd.eionet.europa.eu/vocabulary/aq/pollutant/14	2013-01-01 00:00:00	2014-01-01 00:00:00	0	ng/m3	67.55162242	62.73972603	92.87671233	-1	1
RO	RO.ANPM.AQ	NET-RO042A	STA-RO0161A	STA-RO0161A	SPO-RO0161A_00014_100	P1Y-day-min	http://dd.eionet.europa.eu/vocabulary/aq/pollutant/14	2013-01-01 00:00:00	2014-01-01 00:00:00	0	ng/m3	70.96774194	66.30136986	93.42465753	-1	1
RO	RO.ANPM.AQ	NET-RO053A	STA-RO0198A	STA-RO0198A	SPO-RO0198A_00014_100	P1Y-day-min	http://dd.eionet.europa.eu/vocabulary/aq/pollutant/14	2013-01-01 00:00:00	2014-01-01 00:00:00	0.12	ng/m3	60.11730205	56.16438356	93.42465753	-1	1
RO	RO.ANPM.AQ	NET-RO040A	STA-RO0155A	STA-RO0155A	SPO-RO0155A_00014_100	P1Y-day-min	http://dd.eionet.europa.eu/vocabulary/aq/pollutant/14	2013-01-01 00:00:00	2014-01-01 00:00:00	0	ng/m3	88.85630499	83.01369863	93.42465753	1	1
RO	RO.ANPM.AQ	NET-RO054A	STA-RO0200A	STA-RO0200A	SPO-RO0200A_00014_100	P1Y-day-min	http://dd.eionet.europa.eu/vocabulary/aq/pollutant/14	2013-01-01 00:00:00	2014-01-01 00:00:00	0	ng/m3	74.78005865	69.8630137	93.42465753	-1	1
RO	RO.ANPM.AQ	NET-RO042A	STA-RO0163A	STA-RO0163A	SPO-RO0163A_00014_100	P1Y-day-min	http://dd.eionet.europa.eu/vocabulary/aq/pollutant/14	2013-01-01 00:00:00	2014-01-01 00:00:00	0	ng/m3	75.07331378	70.1369863	93.42465753	-1	1
RO	RO.ANPM.AQ	NET-RO042A	STA-RO0162A	STA-RO0162A	SPO-RO0162A_00014_100	P1Y-day-min	http://dd.eionet.europa.eu/vocabulary/aq/pollutant/14	2013-01-01 00:00:00	2014-01-01 00:00:00	0	ng/m3	72.72727273	67.94520548	93.42465753	-1	1
RO	RO.ANPM.AQ	NET-RO024A	STA-RO0104A	STA-RO0104A	SPO-RO0104A_00014_100	P1Y-day-min	http://dd.eionet.europa.eu/vocabulary/aq/pollutant/14	2013-01-01 00:00:00	2014-01-01 00:00:00	0.15	ng/m3	81.23167155	75.89041096	93.42465753	1	1
RO	RO.ANPM.AQ	NET-RO047A	STA-RO0175A	STA-RO0175A	SPO-RO0175A_00014_100	P1Y-day-min	http://dd.eionet.europa.eu/vocabulary/aq/pollutant/14	2013-01-01 00:00:00	2014-01-01 00:00:00	0.07	ng/m3	98.53372434	92.05479452	93.42465753	1	1
RO	RO.ANPM.AQ	NET-RO051A	STA-RO0008R	STA-RO0008R	SPO-RO0008R_00014_100	P1Y-day-min	http://dd.eionet.europa.eu/vocabulary/aq/pollutant/14	2013-01-01 00:00:00	2014-01-01 00:00:00	0.03	ng/m3	65.98240469	61.64383562	93.42465753	-1	1
RO	RO.ANPM.AQ	NET-RO047A	STA-RO0179A	STA-RO0179A	SPO-RO0179A_00014_100	P1Y-day-min	http://dd.eionet.europa.eu/vocabulary/aq/pollutant/14	2013-01-01 00:00:00	2014-01-01 00:00:00	0.1	ng/m3	78.29912023	73.15068493	93.42465753	-1	1
RO	RO.ANPM.AQ	NET-RO019A	STA-RO0083A	STA-RO0083A	SPO-RO0083A_00014_100	P1Y-day-min	http://dd.eionet.europa.eu/vocabulary/aq/pollutant/14	2013-01-01 00:00:00	2014-01-01 00:00:00	0.1	ng/m3	80.35190616	75.06849315	93.42465753	1	1
RO	RO.ANPM.AQ	NET-RO047A	STA-RO0177A	STA-RO0177A	SPO-RO0177A_00014_100	P1Y-day-min	http://dd.eionet.europa.eu/vocabulary/aq/pollutant/14	2013-01-01 00:00:00	2014-01-01 00:00:00	0.06	ng/m3	95.60117302	89.31506849	93.42465753	1	1
RO	RO.ANPM.AQ	NET-RO036A	STA-RO0141A	STA-RO0141A	SPO-RO0141A_00014_100	P1Y-day-min	http://dd.eionet.europa.eu/vocabulary/aq/pollutant/14	2013-01-01 00:00:00	2014-01-01 00:00:00	0.05	ng/m3	78.0058651	72.87671233	93.42465753	-1	1
RO	RO.ANPM.AQ	NET-RO040A	STA-RO0158A	STA-RO0158A	SPO-RO0158A_00014_100	P1Y-day-min	http://dd.eionet.europa.eu/vocabulary/aq/pollutant/14	2013-01-01 00:00:00	2014-01-01 00:00:00	0	ng/m3	93.25513196	87.12328767	93.42465753	1	1
RO	RO.ANPM.AQ	NET-RO016A	STA-RO0068A	STA-RO0068A	SPO-RO0068A_00014_100	P1Y-day-min	http://dd.eionet.europa.eu/vocabulary/aq/pollutant/14	2013-01-01 00:00:00	2014-01-01 00:00:00	0.01	ng/m3	85.3372434	79.7260274	93.42465753	1	1
RO	RO.ANPM.AQ	NET-RO029A	STA-RO0120A	STA-RO0120A	SPO-RO0120A_00014_100	P1Y-day-min	http://dd.eionet.europa.eu/vocabulary/aq/pollutant/14	2013-01-01 00:00:00	2014-01-01 00:00:00	0.04	ng/m3	84.16422287	78.63013699	93.42465753	1	1
RO	RO.ANPM.AQ	NET-RO054A	STA-RO0202A	STA-RO0202A	SPO-RO0202A_00014_100	P1Y-day-min	http://dd.eionet.europa.eu/vocabulary/aq/pollutant/14	2013-01-01 00:00:00	2014-01-01 00:00:00	0	ng/m3	78.0058651	72.87671233	93.42465753	-1	1
RO	RO.ANPM.AQ	NET-RO016A	STA-RO0071A	STA-RO0071A	SPO-RO0071A_00014_100	P1Y-day-min	http://dd.eionet.europa.eu/vocabulary/aq/pollutant/14	2013-01-01 00:00:00	2014-01-01 00:00:00	0.01	ng/m3	70.96774194	66.30136986	93.42465753	-1	1
RO	RO.ANPM.AQ	NET-RO016A	STA-RO0066A	STA-RO0066A	SPO-RO0066A_00014_100	P1Y-day-min	http://dd.eionet.europa.eu/vocabulary/aq/pollutant/14	2013-01-01 00:00:00	2014-01-01 00:00:00	0.01	ng/m3	79.76539589	74.52054795	93.42465753	-1	1
RO	RO.ANPM.AQ	NET-RO053A	STA-RO0195A	STA-RO0195A	SPO-RO0195A_00014_100	P1Y-day-min	http://dd.eionet.europa.eu/vocabulary/aq/pollutant/14	2013-01-01 00:00:00	2014-01-01 00:00:00	0.2	ng/m3	86.51026393	80.82191781	93.42465753	1	1
