Countrycode	Namespace	AirQualityNetwork	AirQualityStationEoICode	AirQualityStation	SamplingPoint	DataAggregationProcess	AirPollutantCode	DatetimeBegin	DatetimeEnd	AirPollutionLevel	UnitOfAirPollutionLevel	DataCapture	DataCoverage	TimeCoverage	Validity	Verification
RO	RO.ANPM.AQ	NET-RO036A	STA-RO0141A	STA-RO0141A	SPO-RO0141A_00018_100	P1Y	http://dd.eionet.europa.eu/vocabulary/aq/pollutant/18	2013-01-01 00:00:00	2014-01-01 00:00:00	0.22462406	ng/m3	78.0058651	72.87671233	93.42465753	-1	1
RO	RO.ANPM.AQ	NET-RO023A	STA-RO0103A	STA-RO0103A	SPO-RO0103A_00018_100	P1Y	http://dd.eionet.europa.eu/vocabulary/aq/pollutant/18	2013-01-01 00:00:00	2014-01-01 00:00:00	0.56230769	ng/m3	95.30791789	89.04109589	93.42465753	1	1
RO	RO.ANPM.AQ	NET-RO024A	STA-RO0104A	STA-RO0104A	SPO-RO0104A_00018_100	P1Y	http://dd.eionet.europa.eu/vocabulary/aq/pollutant/18	2013-01-01 00:00:00	2014-01-01 00:00:00	0.35989169	ng/m3	81.23167155	75.89041096	93.42465753	1	1
RO	RO.ANPM.AQ	NET-RO054A	STA-RO0202A	STA-RO0202A	SPO-RO0202A_00018_100	P1Y	http://dd.eionet.europa.eu/vocabulary/aq/pollutant/18	2013-01-01 00:00:00	2014-01-01 00:00:00	0.51917293	ng/m3	78.0058651	72.87671233	93.42465753	-1	1
RO	RO.ANPM.AQ	NET-RO054A	STA-RO0200A	STA-RO0200A	SPO-RO0200A_00018_100	P1Y	http://dd.eionet.europa.eu/vocabulary/aq/pollutant/18	2013-01-01 00:00:00	2014-01-01 00:00:00	0.56541176	ng/m3	74.78005865	69.8630137	93.42465753	-1	1
RO	RO.ANPM.AQ	NET-RO047A	STA-RO0177A	STA-RO0177A	SPO-RO0177A_00018_100	P1Y	http://dd.eionet.europa.eu/vocabulary/aq/pollutant/18	2013-01-01 00:00:00	2014-01-01 00:00:00	0.48187116	ng/m3	95.60117302	89.31506849	93.42465753	1	1
RO	RO.ANPM.AQ	NET-RO053A	STA-RO0195A	STA-RO0195A	SPO-RO0195A_00018_100	P1Y	http://dd.eionet.europa.eu/vocabulary/aq/pollutant/18	2013-01-01 00:00:00	2014-01-01 00:00:00	1.03864406	ng/m3	86.51026393	80.82191781	93.42465753	1	1
RO	RO.ANPM.AQ	NET-RO051A	STA-RO0008R	STA-RO0008R	SPO-RO0008R_00018_100	P1Y	http://dd.eionet.europa.eu/vocabulary/aq/pollutant/18	2013-01-01 00:00:00	2014-01-01 00:00:00	0.1464	ng/m3	65.98240469	61.64383562	93.42465753	-1	1
RO	RO.ANPM.AQ	NET-RO053A	STA-RO0197A	STA-RO0197A	SPO-RO0197A_00018_100	P1Y	http://dd.eionet.europa.eu/vocabulary/aq/pollutant/18	2013-01-01 00:00:00	2014-01-01 00:00:00	1.01139751	ng/m3	94.42815249	88.21917808	93.42465753	1	1
RO	RO.ANPM.AQ	NET-RO053A	STA-RO0193A	STA-RO0193A	SPO-RO0193A_00018_100	P1Y	http://dd.eionet.europa.eu/vocabulary/aq/pollutant/18	2013-01-01 00:00:00	2014-01-01 00:00:00	0.97374172	ng/m3	88.56304985	82.73972603	93.42465753	1	1
RO	RO.ANPM.AQ	NET-RO023A	STA-RO0099A	STA-RO0099A	SPO-RO0099A_00018_100	P1Y	http://dd.eionet.europa.eu/vocabulary/aq/pollutant/18	2013-01-01 00:00:00	2014-01-01 00:00:00	0.61955769	ng/m3	76.24633431	71.23287671	93.42465753	-1	1
RO	RO.ANPM.AQ	NET-RO047A	STA-RO0179A	STA-RO0179A	SPO-RO0179A_00018_100	P1Y	http://dd.eionet.europa.eu/vocabulary/aq/pollutant/18	2013-01-01 00:00:00	2014-01-01 00:00:00	0.65194756	ng/m3	78.29912023	73.15068493	93.42465753	-1	1
RO	RO.ANPM.AQ	NET-RO038A	STA-RO0152A	STA-RO0152A	SPO-RO0152A_00018_100	P1Y	http://dd.eionet.europa.eu/vocabulary/aq/pollutant/18	2013-01-01 00:00:00	2014-01-01 00:00:00	1.16098484	ng/m3	77.41935484	72.32876712	93.42465753	-1	1
RO	RO.ANPM.AQ	NET-RO047A	STA-RO0180A	STA-RO0180A	SPO-RO0180A_00018_100	P1Y	http://dd.eionet.europa.eu/vocabulary/aq/pollutant/18	2013-01-01 00:00:00	2014-01-01 00:00:00	0.71426056	ng/m3	83.28445748	77.80821918	93.42465753	1	1
RO	RO.ANPM.AQ	NET-RO024A	STA-RO0105A	STA-RO0105A	SPO-RO0105A_00018_100	P1Y	http://dd.eionet.europa.eu/vocabulary/aq/pollutant/18	2013-01-01 00:00:00	2014-01-01 00:00:00	0.38858585	ng/m3	87.09677419	81.36986301	93.42465753	1	1
RO	RO.ANPM.AQ	NET-RO038A	STA-RO0151A	STA-RO0151A	SPO-RO0151A_00018_100	P1Y	http://dd.eionet.europa.eu/vocabulary/aq/pollutant/18	2013-01-01 00:00:00	2014-01-01 00:00:00	1.421125	ng/m3	93.84164223	87.67123288	93.42465753	1	1
RO	RO.ANPM.AQ	NET-RO050A	STA-RO0187A	STA-RO0187A	SPO-RO0187A_00018_100	P1Y	http://dd.eionet.europa.eu/vocabulary/aq/pollutant/18	2013-01-01 00:00:00	2014-01-01 00:00:00	0.9370318	ng/m3	82.99120235	77.53424658	93.42465753	1	1
RO	RO.ANPM.AQ	NET-RO053A	STA-RO0198A	STA-RO0198A	SPO-RO0198A_00018_100	P1Y	http://dd.eionet.europa.eu/vocabulary/aq/pollutant/18	2013-01-01 00:00:00	2014-01-01 00:00:00	0.83370731	ng/m3	60.11730205	56.16438356	93.42465753	-1	1
RO	RO.ANPM.AQ	NET-RO047A	STA-RO0175A	STA-RO0175A	SPO-RO0175A_00018_100	P1Y	http://dd.eionet.europa.eu/vocabulary/aq/pollutant/18	2013-01-01 00:00:00	2014-01-01 00:00:00	0.54494047	ng/m3	98.53372434	92.05479452	93.42465753	1	1
RO	RO.ANPM.AQ	NET-RO051A	STA-RO0008R	STA-RO0008R	SPO-RO0008R_00018_100	P1Y-day-per50	http://dd.eionet.europa.eu/vocabulary/aq/pollutant/18	2013-01-01 00:00:00	2014-01-01 00:00:00	0.14	ng/m3	65.98240469	61.64383562	93.42465753	-1	1
RO	RO.ANPM.AQ	NET-RO047A	STA-RO0177A	STA-RO0177A	SPO-RO0177A_00018_100	P1Y-day-per50	http://dd.eionet.europa.eu/vocabulary/aq/pollutant/18	2013-01-01 00:00:00	2014-01-01 00:00:00	0.45	ng/m3	95.60117302	89.31506849	93.42465753	1	1
RO	RO.ANPM.AQ	NET-RO054A	STA-RO0202A	STA-RO0202A	SPO-RO0202A_00018_100	P1Y-day-per50	http://dd.eionet.europa.eu/vocabulary/aq/pollutant/18	2013-01-01 00:00:00	2014-01-01 00:00:00	0.34	ng/m3	78.0058651	72.87671233	93.42465753	-1	1
RO	RO.ANPM.AQ	NET-RO047A	STA-RO0175A	STA-RO0175A	SPO-RO0175A_00018_100	P1Y-day-per50	http://dd.eionet.europa.eu/vocabulary/aq/pollutant/18	2013-01-01 00:00:00	2014-01-01 00:00:00	0.5	ng/m3	98.53372434	92.05479452	93.42465753	1	1
RO	RO.ANPM.AQ	NET-RO053A	STA-RO0195A	STA-RO0195A	SPO-RO0195A_00018_100	P1Y-day-per50	http://dd.eionet.europa.eu/vocabulary/aq/pollutant/18	2013-01-01 00:00:00	2014-01-01 00:00:00	0.94	ng/m3	86.51026393	80.82191781	93.42465753	1	1
RO	RO.ANPM.AQ	NET-RO023A	STA-RO0099A	STA-RO0099A	SPO-RO0099A_00018_100	P1Y-day-per50	http://dd.eionet.europa.eu/vocabulary/aq/pollutant/18	2013-01-01 00:00:00	2014-01-01 00:00:00	0.429	ng/m3	76.24633431	71.23287671	93.42465753	-1	1
RO	RO.ANPM.AQ	NET-RO023A	STA-RO0103A	STA-RO0103A	SPO-RO0103A_00018_100	P1Y-day-per50	http://dd.eionet.europa.eu/vocabulary/aq/pollutant/18	2013-01-01 00:00:00	2014-01-01 00:00:00	0.28	ng/m3	95.30791789	89.04109589	93.42465753	1	1
RO	RO.ANPM.AQ	NET-RO038A	STA-RO0152A	STA-RO0152A	SPO-RO0152A_00018_100	P1Y-day-per50	http://dd.eionet.europa.eu/vocabulary/aq/pollutant/18	2013-01-01 00:00:00	2014-01-01 00:00:00	0.7	ng/m3	77.41935484	72.32876712	93.42465753	-1	1
RO	RO.ANPM.AQ	NET-RO036A	STA-RO0141A	STA-RO0141A	SPO-RO0141A_00018_100	P1Y-day-per50	http://dd.eionet.europa.eu/vocabulary/aq/pollutant/18	2013-01-01 00:00:00	2014-01-01 00:00:00	0.17	ng/m3	78.0058651	72.87671233	93.42465753	-1	1
RO	RO.ANPM.AQ	NET-RO050A	STA-RO0187A	STA-RO0187A	SPO-RO0187A_00018_100	P1Y-day-per50	http://dd.eionet.europa.eu/vocabulary/aq/pollutant/18	2013-01-01 00:00:00	2014-01-01 00:00:00	0.81	ng/m3	82.99120235	77.53424658	93.42465753	1	1
RO	RO.ANPM.AQ	NET-RO053A	STA-RO0198A	STA-RO0198A	SPO-RO0198A_00018_100	P1Y-day-per50	http://dd.eionet.europa.eu/vocabulary/aq/pollutant/18	2013-01-01 00:00:00	2014-01-01 00:00:00	0.68	ng/m3	60.11730205	56.16438356	93.42465753	-1	1
RO	RO.ANPM.AQ	NET-RO038A	STA-RO0151A	STA-RO0151A	SPO-RO0151A_00018_100	P1Y-day-per50	http://dd.eionet.europa.eu/vocabulary/aq/pollutant/18	2013-01-01 00:00:00	2014-01-01 00:00:00	0.87	ng/m3	93.84164223	87.67123288	93.42465753	1	1
RO	RO.ANPM.AQ	NET-RO053A	STA-RO0197A	STA-RO0197A	SPO-RO0197A_00018_100	P1Y-day-per50	http://dd.eionet.europa.eu/vocabulary/aq/pollutant/18	2013-01-01 00:00:00	2014-01-01 00:00:00	0.81	ng/m3	94.42815249	88.21917808	93.42465753	1	1
RO	RO.ANPM.AQ	NET-RO053A	STA-RO0193A	STA-RO0193A	SPO-RO0193A_00018_100	P1Y-day-per50	http://dd.eionet.europa.eu/vocabulary/aq/pollutant/18	2013-01-01 00:00:00	2014-01-01 00:00:00	0.84	ng/m3	88.56304985	82.73972603	93.42465753	1	1
RO	RO.ANPM.AQ	NET-RO054A	STA-RO0200A	STA-RO0200A	SPO-RO0200A_00018_100	P1Y-day-per50	http://dd.eionet.europa.eu/vocabulary/aq/pollutant/18	2013-01-01 00:00:00	2014-01-01 00:00:00	0.3	ng/m3	74.78005865	69.8630137	93.42465753	-1	1
RO	RO.ANPM.AQ	NET-RO047A	STA-RO0180A	STA-RO0180A	SPO-RO0180A_00018_100	P1Y-day-per50	http://dd.eionet.europa.eu/vocabulary/aq/pollutant/18	2013-01-01 00:00:00	2014-01-01 00:00:00	0.66	ng/m3	83.28445748	77.80821918	93.42465753	1	1
RO	RO.ANPM.AQ	NET-RO047A	STA-RO0179A	STA-RO0179A	SPO-RO0179A_00018_100	P1Y-day-per50	http://dd.eionet.europa.eu/vocabulary/aq/pollutant/18	2013-01-01 00:00:00	2014-01-01 00:00:00	0.62	ng/m3	78.29912023	73.15068493	93.42465753	-1	1
RO	RO.ANPM.AQ	NET-RO024A	STA-RO0104A	STA-RO0104A	SPO-RO0104A_00018_100	P1Y-day-per50	http://dd.eionet.europa.eu/vocabulary/aq/pollutant/18	2013-01-01 00:00:00	2014-01-01 00:00:00	0.3	ng/m3	81.23167155	75.89041096	93.42465753	1	1
RO	RO.ANPM.AQ	NET-RO024A	STA-RO0105A	STA-RO0105A	SPO-RO0105A_00018_100	P1Y-day-per50	http://dd.eionet.europa.eu/vocabulary/aq/pollutant/18	2013-01-01 00:00:00	2014-01-01 00:00:00	0.33	ng/m3	87.09677419	81.36986301	93.42465753	1	1
RO	RO.ANPM.AQ	NET-RO054A	STA-RO0202A	STA-RO0202A	SPO-RO0202A_00018_100	P1Y-day-max	http://dd.eionet.europa.eu/vocabulary/aq/pollutant/18	2013-01-01 00:00:00	2014-01-01 00:00:00	2.08	ng/m3	78.0058651	72.87671233	93.42465753	-1	1
RO	RO.ANPM.AQ	NET-RO054A	STA-RO0200A	STA-RO0200A	SPO-RO0200A_00018_100	P1Y-day-max	http://dd.eionet.europa.eu/vocabulary/aq/pollutant/18	2013-01-01 00:00:00	2014-01-01 00:00:00	4.32	ng/m3	74.78005865	69.8630137	93.42465753	-1	1
RO	RO.ANPM.AQ	NET-RO036A	STA-RO0141A	STA-RO0141A	SPO-RO0141A_00018_100	P1Y-day-max	http://dd.eionet.europa.eu/vocabulary/aq/pollutant/18	2013-01-01 00:00:00	2014-01-01 00:00:00	1.13	ng/m3	78.0058651	72.87671233	93.42465753	-1	1
RO	RO.ANPM.AQ	NET-RO023A	STA-RO0103A	STA-RO0103A	SPO-RO0103A_00018_100	P1Y-day-max	http://dd.eionet.europa.eu/vocabulary/aq/pollutant/18	2013-01-01 00:00:00	2014-01-01 00:00:00	4.42	ng/m3	95.30791789	89.04109589	93.42465753	1	1
RO	RO.ANPM.AQ	NET-RO024A	STA-RO0104A	STA-RO0104A	SPO-RO0104A_00018_100	P1Y-day-max	http://dd.eionet.europa.eu/vocabulary/aq/pollutant/18	2013-01-01 00:00:00	2014-01-01 00:00:00	1.16	ng/m3	81.23167155	75.89041096	93.42465753	1	1
RO	RO.ANPM.AQ	NET-RO047A	STA-RO0177A	STA-RO0177A	SPO-RO0177A_00018_100	P1Y-day-max	http://dd.eionet.europa.eu/vocabulary/aq/pollutant/18	2013-01-01 00:00:00	2014-01-01 00:00:00	1.44	ng/m3	95.60117302	89.31506849	93.42465753	1	1
RO	RO.ANPM.AQ	NET-RO053A	STA-RO0197A	STA-RO0197A	SPO-RO0197A_00018_100	P1Y-day-max	http://dd.eionet.europa.eu/vocabulary/aq/pollutant/18	2013-01-01 00:00:00	2014-01-01 00:00:00	3.26	ng/m3	94.42815249	88.21917808	93.42465753	1	1
RO	RO.ANPM.AQ	NET-RO053A	STA-RO0195A	STA-RO0195A	SPO-RO0195A_00018_100	P1Y-day-max	http://dd.eionet.europa.eu/vocabulary/aq/pollutant/18	2013-01-01 00:00:00	2014-01-01 00:00:00	3.73	ng/m3	86.51026393	80.82191781	93.42465753	1	1
RO	RO.ANPM.AQ	NET-RO051A	STA-RO0008R	STA-RO0008R	SPO-RO0008R_00018_100	P1Y-day-max	http://dd.eionet.europa.eu/vocabulary/aq/pollutant/18	2013-01-01 00:00:00	2014-01-01 00:00:00	0.35	ng/m3	65.98240469	61.64383562	93.42465753	-1	1
RO	RO.ANPM.AQ	NET-RO053A	STA-RO0193A	STA-RO0193A	SPO-RO0193A_00018_100	P1Y-day-max	http://dd.eionet.europa.eu/vocabulary/aq/pollutant/18	2013-01-01 00:00:00	2014-01-01 00:00:00	3.42	ng/m3	88.56304985	82.73972603	93.42465753	1	1
RO	RO.ANPM.AQ	NET-RO038A	STA-RO0152A	STA-RO0152A	SPO-RO0152A_00018_100	P1Y-day-max	http://dd.eionet.europa.eu/vocabulary/aq/pollutant/18	2013-01-01 00:00:00	2014-01-01 00:00:00	7.37	ng/m3	77.41935484	72.32876712	93.42465753	-1	1
RO	RO.ANPM.AQ	NET-RO023A	STA-RO0099A	STA-RO0099A	SPO-RO0099A_00018_100	P1Y-day-max	http://dd.eionet.europa.eu/vocabulary/aq/pollutant/18	2013-01-01 00:00:00	2014-01-01 00:00:00	3.859	ng/m3	76.24633431	71.23287671	93.42465753	-1	1
RO	RO.ANPM.AQ	NET-RO047A	STA-RO0179A	STA-RO0179A	SPO-RO0179A_00018_100	P1Y-day-max	http://dd.eionet.europa.eu/vocabulary/aq/pollutant/18	2013-01-01 00:00:00	2014-01-01 00:00:00	1.57	ng/m3	78.29912023	73.15068493	93.42465753	-1	1
RO	RO.ANPM.AQ	NET-RO047A	STA-RO0180A	STA-RO0180A	SPO-RO0180A_00018_100	P1Y-day-max	http://dd.eionet.europa.eu/vocabulary/aq/pollutant/18	2013-01-01 00:00:00	2014-01-01 00:00:00	4.64	ng/m3	83.28445748	77.80821918	93.42465753	1	1
RO	RO.ANPM.AQ	NET-RO024A	STA-RO0105A	STA-RO0105A	SPO-RO0105A_00018_100	P1Y-day-max	http://dd.eionet.europa.eu/vocabulary/aq/pollutant/18	2013-01-01 00:00:00	2014-01-01 00:00:00	1.47	ng/m3	87.09677419	81.36986301	93.42465753	1	1
RO	RO.ANPM.AQ	NET-RO038A	STA-RO0151A	STA-RO0151A	SPO-RO0151A_00018_100	P1Y-day-max	http://dd.eionet.europa.eu/vocabulary/aq/pollutant/18	2013-01-01 00:00:00	2014-01-01 00:00:00	9.48	ng/m3	93.84164223	87.67123288	93.42465753	1	1
RO	RO.ANPM.AQ	NET-RO053A	STA-RO0198A	STA-RO0198A	SPO-RO0198A_00018_100	P1Y-day-max	http://dd.eionet.europa.eu/vocabulary/aq/pollutant/18	2013-01-01 00:00:00	2014-01-01 00:00:00	2.65	ng/m3	60.11730205	56.16438356	93.42465753	-1	1
RO	RO.ANPM.AQ	NET-RO047A	STA-RO0175A	STA-RO0175A	SPO-RO0175A_00018_100	P1Y-day-max	http://dd.eionet.europa.eu/vocabulary/aq/pollutant/18	2013-01-01 00:00:00	2014-01-01 00:00:00	1.53	ng/m3	98.53372434	92.05479452	93.42465753	1	1
RO	RO.ANPM.AQ	NET-RO050A	STA-RO0187A	STA-RO0187A	SPO-RO0187A_00018_100	P1Y-day-max	http://dd.eionet.europa.eu/vocabulary/aq/pollutant/18	2013-01-01 00:00:00	2014-01-01 00:00:00	3.36	ng/m3	82.99120235	77.53424658	93.42465753	1	1
RO	RO.ANPM.AQ	NET-RO054A	STA-RO0202A	STA-RO0202A	SPO-RO0202A_00018_100	P1Y-day-min	http://dd.eionet.europa.eu/vocabulary/aq/pollutant/18	2013-01-01 00:00:00	2014-01-01 00:00:00	0	ng/m3	78.0058651	72.87671233	93.42465753	-1	1
RO	RO.ANPM.AQ	NET-RO054A	STA-RO0200A	STA-RO0200A	SPO-RO0200A_00018_100	P1Y-day-min	http://dd.eionet.europa.eu/vocabulary/aq/pollutant/18	2013-01-01 00:00:00	2014-01-01 00:00:00	0	ng/m3	74.78005865	69.8630137	93.42465753	-1	1
RO	RO.ANPM.AQ	NET-RO036A	STA-RO0141A	STA-RO0141A	SPO-RO0141A_00018_100	P1Y-day-min	http://dd.eionet.europa.eu/vocabulary/aq/pollutant/18	2013-01-01 00:00:00	2014-01-01 00:00:00	0	ng/m3	78.0058651	72.87671233	93.42465753	-1	1
RO	RO.ANPM.AQ	NET-RO023A	STA-RO0103A	STA-RO0103A	SPO-RO0103A_00018_100	P1Y-day-min	http://dd.eionet.europa.eu/vocabulary/aq/pollutant/18	2013-01-01 00:00:00	2014-01-01 00:00:00	0	ng/m3	95.30791789	89.04109589	93.42465753	1	1
RO	RO.ANPM.AQ	NET-RO024A	STA-RO0104A	STA-RO0104A	SPO-RO0104A_00018_100	P1Y-day-min	http://dd.eionet.europa.eu/vocabulary/aq/pollutant/18	2013-01-01 00:00:00	2014-01-01 00:00:00	0	ng/m3	81.23167155	75.89041096	93.42465753	1	1
RO	RO.ANPM.AQ	NET-RO047A	STA-RO0177A	STA-RO0177A	SPO-RO0177A_00018_100	P1Y-day-min	http://dd.eionet.europa.eu/vocabulary/aq/pollutant/18	2013-01-01 00:00:00	2014-01-01 00:00:00	0	ng/m3	95.60117302	89.31506849	93.42465753	1	1
RO	RO.ANPM.AQ	NET-RO053A	STA-RO0197A	STA-RO0197A	SPO-RO0197A_00018_100	P1Y-day-min	http://dd.eionet.europa.eu/vocabulary/aq/pollutant/18	2013-01-01 00:00:00	2014-01-01 00:00:00	0.03	ng/m3	94.42815249	88.21917808	93.42465753	1	1
RO	RO.ANPM.AQ	NET-RO053A	STA-RO0195A	STA-RO0195A	SPO-RO0195A_00018_100	P1Y-day-min	http://dd.eionet.europa.eu/vocabulary/aq/pollutant/18	2013-01-01 00:00:00	2014-01-01 00:00:00	0.04	ng/m3	86.51026393	80.82191781	93.42465753	1	1
RO	RO.ANPM.AQ	NET-RO051A	STA-RO0008R	STA-RO0008R	SPO-RO0008R_00018_100	P1Y-day-min	http://dd.eionet.europa.eu/vocabulary/aq/pollutant/18	2013-01-01 00:00:00	2014-01-01 00:00:00	0.14	ng/m3	65.98240469	61.64383562	93.42465753	-1	1
RO	RO.ANPM.AQ	NET-RO053A	STA-RO0193A	STA-RO0193A	SPO-RO0193A_00018_100	P1Y-day-min	http://dd.eionet.europa.eu/vocabulary/aq/pollutant/18	2013-01-01 00:00:00	2014-01-01 00:00:00	0.11	ng/m3	88.56304985	82.73972603	93.42465753	1	1
RO	RO.ANPM.AQ	NET-RO038A	STA-RO0152A	STA-RO0152A	SPO-RO0152A_00018_100	P1Y-day-min	http://dd.eionet.europa.eu/vocabulary/aq/pollutant/18	2013-01-01 00:00:00	2014-01-01 00:00:00	0.01	ng/m3	77.41935484	72.32876712	93.42465753	-1	1
RO	RO.ANPM.AQ	NET-RO023A	STA-RO0099A	STA-RO0099A	SPO-RO0099A_00018_100	P1Y-day-min	http://dd.eionet.europa.eu/vocabulary/aq/pollutant/18	2013-01-01 00:00:00	2014-01-01 00:00:00	0	ng/m3	76.24633431	71.23287671	93.42465753	-1	1
RO	RO.ANPM.AQ	NET-RO047A	STA-RO0179A	STA-RO0179A	SPO-RO0179A_00018_100	P1Y-day-min	http://dd.eionet.europa.eu/vocabulary/aq/pollutant/18	2013-01-01 00:00:00	2014-01-01 00:00:00	0.18	ng/m3	78.29912023	73.15068493	93.42465753	-1	1
RO	RO.ANPM.AQ	NET-RO047A	STA-RO0180A	STA-RO0180A	SPO-RO0180A_00018_100	P1Y-day-min	http://dd.eionet.europa.eu/vocabulary/aq/pollutant/18	2013-01-01 00:00:00	2014-01-01 00:00:00	0.15	ng/m3	83.28445748	77.80821918	93.42465753	1	1
RO	RO.ANPM.AQ	NET-RO024A	STA-RO0105A	STA-RO0105A	SPO-RO0105A_00018_100	P1Y-day-min	http://dd.eionet.europa.eu/vocabulary/aq/pollutant/18	2013-01-01 00:00:00	2014-01-01 00:00:00	0	ng/m3	87.09677419	81.36986301	93.42465753	1	1
RO	RO.ANPM.AQ	NET-RO038A	STA-RO0151A	STA-RO0151A	SPO-RO0151A_00018_100	P1Y-day-min	http://dd.eionet.europa.eu/vocabulary/aq/pollutant/18	2013-01-01 00:00:00	2014-01-01 00:00:00	0.01	ng/m3	93.84164223	87.67123288	93.42465753	1	1
RO	RO.ANPM.AQ	NET-RO053A	STA-RO0198A	STA-RO0198A	SPO-RO0198A_00018_100	P1Y-day-min	http://dd.eionet.europa.eu/vocabulary/aq/pollutant/18	2013-01-01 00:00:00	2014-01-01 00:00:00	0.02	ng/m3	60.11730205	56.16438356	93.42465753	-1	1
RO	RO.ANPM.AQ	NET-RO047A	STA-RO0175A	STA-RO0175A	SPO-RO0175A_00018_100	P1Y-day-min	http://dd.eionet.europa.eu/vocabulary/aq/pollutant/18	2013-01-01 00:00:00	2014-01-01 00:00:00	0.15	ng/m3	98.53372434	92.05479452	93.42465753	1	1
RO	RO.ANPM.AQ	NET-RO050A	STA-RO0187A	STA-RO0187A	SPO-RO0187A_00018_100	P1Y-day-min	http://dd.eionet.europa.eu/vocabulary/aq/pollutant/18	2013-01-01 00:00:00	2014-01-01 00:00:00	0	ng/m3	82.99120235	77.53424658	93.42465753	1	1
