Countrycode	Namespace	AirQualityNetwork	AirQualityStationEoICode	AirQualityStation	SamplingPoint	DataAggregationProcess	AirPollutantCode	DatetimeBegin	DatetimeEnd	AirPollutionLevel	UnitOfAirPollutionLevel	DataCapture	DataCoverage	TimeCoverage	Validity	Verification
RO	RO.ANPM.AQ	NET-RO051A	STA-RO0008R	STA-RO0008R	SPO-RO0008R_00012_100	P1Y	http://dd.eionet.europa.eu/vocabulary/aq/pollutant/12	2013-01-01 00:00:00	2014-01-01 00:00:00	0.0008	µg/m3	65.98240469	61.64383562	93.42465753	-1	1
RO	RO.ANPM.AQ	NET-RO037A	STA-RO0207A	STA-RO0207A	SPO-RO0207A_00012_100	P1Y	http://dd.eionet.europa.eu/vocabulary/aq/pollutant/12	2013-01-01 00:00:00	2014-01-01 00:00:00	0.00294339	µg/m3	77.71260997	72.60273973	93.42465753	-1	1
RO	RO.ANPM.AQ	NET-RO016A	STA-RO0071A	STA-RO0071A	SPO-RO0071A_00012_100	P1Y	http://dd.eionet.europa.eu/vocabulary/aq/pollutant/12	2013-01-01 00:00:00	2014-01-01 00:00:00	0.00734513	µg/m3	66.27565982	61.91780822	93.42465753	-1	1
RO	RO.ANPM.AQ	NET-RO038A	STA-RO0152A	STA-RO0152A	SPO-RO0152A_00012_100	P1Y	http://dd.eionet.europa.eu/vocabulary/aq/pollutant/12	2013-01-01 00:00:00	2014-01-01 00:00:00	0.00299242	µg/m3	77.41935484	72.32876712	93.42465753	-1	1
RO	RO.ANPM.AQ	NET-RO047A	STA-RO0180A	STA-RO0180A	SPO-RO0180A_00012_100	P1Y	http://dd.eionet.europa.eu/vocabulary/aq/pollutant/12	2013-01-01 00:00:00	2014-01-01 00:00:00	0.01591549	µg/m3	83.28445748	77.80821918	93.42465753	1	1
RO	RO.ANPM.AQ	NET-RO053A	STA-RO0198A	STA-RO0198A	SPO-RO0198A_00012_100	P1Y	http://dd.eionet.europa.eu/vocabulary/aq/pollutant/12	2013-01-01 00:00:00	2014-01-01 00:00:00	0.01126829	µg/m3	60.11730205	56.16438356	93.42465753	-1	1
RO	RO.ANPM.AQ	NET-RO053A	STA-RO0195A	STA-RO0195A	SPO-RO0195A_00012_100	P1Y	http://dd.eionet.europa.eu/vocabulary/aq/pollutant/12	2013-01-01 00:00:00	2014-01-01 00:00:00	0.01149152	µg/m3	86.51026393	80.82191781	93.42465753	1	1
RO	RO.ANPM.AQ	NET-RO019A	STA-RO0083A	STA-RO0083A	SPO-RO0083A_00012_100	P1Y	http://dd.eionet.europa.eu/vocabulary/aq/pollutant/12	2013-01-01 00:00:00	2014-01-01 00:00:00	0.0379927	µg/m3	80.35190616	75.06849315	93.42465753	1	1
RO	RO.ANPM.AQ	NET-RO047A	STA-RO0175A	STA-RO0175A	SPO-RO0175A_00012_100	P1Y	http://dd.eionet.europa.eu/vocabulary/aq/pollutant/12	2013-01-01 00:00:00	2014-01-01 00:00:00	0.0141369	µg/m3	98.53372434	92.05479452	93.42465753	1	1
RO	RO.ANPM.AQ	NET-RO042A	STA-RO0161A	STA-RO0161A	SPO-RO0161A_00012_100	P1Y	http://dd.eionet.europa.eu/vocabulary/aq/pollutant/12	2013-01-01 00:00:00	2014-01-01 00:00:00	0.01546357	µg/m3	88.56304985	82.73972603	93.42465753	1	1
RO	RO.ANPM.AQ	NET-RO024A	STA-RO0105A	STA-RO0105A	SPO-RO0105A_00012_100	P1Y	http://dd.eionet.europa.eu/vocabulary/aq/pollutant/12	2013-01-01 00:00:00	2014-01-01 00:00:00	0.01127946	µg/m3	87.09677419	81.36986301	93.42465753	1	1
RO	RO.ANPM.AQ	NET-RO054A	STA-RO0202A	STA-RO0202A	SPO-RO0202A_00012_100	P1Y	http://dd.eionet.europa.eu/vocabulary/aq/pollutant/12	2013-01-01 00:00:00	2014-01-01 00:00:00	0.00428571	µg/m3	78.0058651	72.87671233	93.42465753	-1	1
RO	RO.ANPM.AQ	NET-RO016A	STA-RO0065A	STA-RO0065A	SPO-RO0065A_00012_100	P1Y	http://dd.eionet.europa.eu/vocabulary/aq/pollutant/12	2013-01-01 00:00:00	2014-01-01 00:00:00	0.00681592	µg/m3	59.2920354	55.06849315	92.87671233	-1	1
RO	RO.ANPM.AQ	NET-RO024A	STA-RO0104A	STA-RO0104A	SPO-RO0104A_00012_100	P1Y	http://dd.eionet.europa.eu/vocabulary/aq/pollutant/12	2013-01-01 00:00:00	2014-01-01 00:00:00	0.01075812	µg/m3	81.23167155	75.89041096	93.42465753	1	1
RO	RO.ANPM.AQ	NET-RO053A	STA-RO0197A	STA-RO0197A	SPO-RO0197A_00012_100	P1Y	http://dd.eionet.europa.eu/vocabulary/aq/pollutant/12	2013-01-01 00:00:00	2014-01-01 00:00:00	0.01649068	µg/m3	94.42815249	88.21917808	93.42465753	1	1
RO	RO.ANPM.AQ	NET-RO040A	STA-RO0154A	STA-RO0154A	SPO-RO0154A_00012_100	P1Y	http://dd.eionet.europa.eu/vocabulary/aq/pollutant/12	2013-01-01 00:00:00	2014-01-01 00:00:00	0.01703225	µg/m3	90.90909091	84.93150685	93.42465753	1	1
RO	RO.ANPM.AQ	NET-RO016A	STA-RO0068A	STA-RO0068A	SPO-RO0068A_00012_100	P1Y	http://dd.eionet.europa.eu/vocabulary/aq/pollutant/12	2013-01-01 00:00:00	2014-01-01 00:00:00	0.00785211	µg/m3	83.28445748	77.80821918	93.42465753	1	1
RO	RO.ANPM.AQ	NET-RO036A	STA-RO0141A	STA-RO0141A	SPO-RO0141A_00012_100	P1Y	http://dd.eionet.europa.eu/vocabulary/aq/pollutant/12	2013-01-01 00:00:00	2014-01-01 00:00:00	0.02330827	µg/m3	78.0058651	72.87671233	93.42465753	-1	1
RO	RO.ANPM.AQ	NET-RO047A	STA-RO0177A	STA-RO0177A	SPO-RO0177A_00012_100	P1Y	http://dd.eionet.europa.eu/vocabulary/aq/pollutant/12	2013-01-01 00:00:00	2014-01-01 00:00:00	0.01404907	µg/m3	95.60117302	89.31506849	93.42465753	1	1
RO	RO.ANPM.AQ	NET-RO038A	STA-RO0151A	STA-RO0151A	SPO-RO0151A_00012_100	P1Y	http://dd.eionet.europa.eu/vocabulary/aq/pollutant/12	2013-01-01 00:00:00	2014-01-01 00:00:00	0.0048125	µg/m3	93.84164223	87.67123288	93.42465753	1	1
RO	RO.ANPM.AQ	NET-RO014A	STA-RO0125A	STA-RO0125A	SPO-RO0125A_00012_100	P1Y	http://dd.eionet.europa.eu/vocabulary/aq/pollutant/12	2013-01-01 00:00:00	2014-01-01 00:00:00	0.01446902	µg/m3	66.27565982	61.91780822	93.42465753	-1	1
RO	RO.ANPM.AQ	NET-RO029A	STA-RO0120A	STA-RO0120A	SPO-RO0120A_00012_100	P1Y	http://dd.eionet.europa.eu/vocabulary/aq/pollutant/12	2013-01-01 00:00:00	2014-01-01 00:00:00	0.01627177	µg/m3	84.16422287	78.63013699	93.42465753	1	1
RO	RO.ANPM.AQ	NET-RO041A	STA-RO0159A	STA-RO0159A	SPO-RO0159A_00012_100	P1Y	http://dd.eionet.europa.eu/vocabulary/aq/pollutant/12	2013-01-01 00:00:00	2014-01-01 00:00:00	0.00797752	µg/m3	52.19941349	48.76712329	93.42465753	-1	1
RO	RO.ANPM.AQ	NET-RO029A	STA-RO0121A	STA-RO0121A	SPO-RO0121A_00012_100	P1Y	http://dd.eionet.europa.eu/vocabulary/aq/pollutant/12	2013-01-01 00:00:00	2014-01-01 00:00:00	0.00774545	µg/m3	80.64516129	75.34246575	93.42465753	1	1
RO	RO.ANPM.AQ	NET-RO023A	STA-RO0099A	STA-RO0099A	SPO-RO0099A_00012_100	P1Y	http://dd.eionet.europa.eu/vocabulary/aq/pollutant/12	2013-01-01 00:00:00	2014-01-01 00:00:00	0.009	µg/m3	76.24633431	71.23287671	93.42465753	-1	1
RO	RO.ANPM.AQ	NET-RO053A	STA-RO0193A	STA-RO0193A	SPO-RO0193A_00012_100	P1Y	http://dd.eionet.europa.eu/vocabulary/aq/pollutant/12	2013-01-01 00:00:00	2014-01-01 00:00:00	0.01364238	µg/m3	88.56304985	82.73972603	93.42465753	1	1
RO	RO.ANPM.AQ	NET-RO054A	STA-RO0200A	STA-RO0200A	SPO-RO0200A_00012_100	P1Y	http://dd.eionet.europa.eu/vocabulary/aq/pollutant/12	2013-01-01 00:00:00	2014-01-01 00:00:00	0.00968627	µg/m3	74.78005865	69.8630137	93.42465753	-1	1
RO	RO.ANPM.AQ	NET-RO042A	STA-RO0162A	STA-RO0162A	SPO-RO0162A_00012_100	P1Y	http://dd.eionet.europa.eu/vocabulary/aq/pollutant/12	2013-01-01 00:00:00	2014-01-01 00:00:00	0.01702602	µg/m3	78.8856305	73.69863014	93.42465753	-1	1
RO	RO.ANPM.AQ	NET-RO046A	STA-RO0174A	STA-RO0174A	SPO-RO0174A_00012_100	P1Y	http://dd.eionet.europa.eu/vocabulary/aq/pollutant/12	2013-01-01 00:00:00	2014-01-01 00:00:00	0.02079646	µg/m3	66.27565982	61.91780822	93.42465753	-1	1
RO	RO.ANPM.AQ	NET-RO040A	STA-RO0155A	STA-RO0155A	SPO-RO0155A_00012_100	P1Y	http://dd.eionet.europa.eu/vocabulary/aq/pollutant/12	2013-01-01 00:00:00	2014-01-01 00:00:00	0.01617161	µg/m3	88.85630499	83.01369863	93.42465753	1	1
RO	RO.ANPM.AQ	NET-RO019A	STA-RO0086A	STA-RO0086A	SPO-RO0086A_00012_100	P1Y	http://dd.eionet.europa.eu/vocabulary/aq/pollutant/12	2013-01-01 00:00:00	2014-01-01 00:00:00	0.00850746	µg/m3	98.24046921	91.78082192	93.42465753	1	1
RO	RO.ANPM.AQ	NET-RO025A	STA-RO0108A	STA-RO0108A	SPO-RO0108A_00012_100	P1Y	http://dd.eionet.europa.eu/vocabulary/aq/pollutant/12	2013-01-01 00:00:00	2014-01-01 00:00:00	0.00341935	µg/m3	90.90909091	84.93150685	93.42465753	1	1
RO	RO.ANPM.AQ	NET-RO050A	STA-RO0187A	STA-RO0187A	SPO-RO0187A_00012_100	P1Y	http://dd.eionet.europa.eu/vocabulary/aq/pollutant/12	2013-01-01 00:00:00	2014-01-01 00:00:00	0.32310954	µg/m3	82.99120235	77.53424658	93.42465753	1	1
RO	RO.ANPM.AQ	NET-RO023A	STA-RO0103A	STA-RO0103A	SPO-RO0103A_00012_100	P1Y	http://dd.eionet.europa.eu/vocabulary/aq/pollutant/12	2013-01-01 00:00:00	2014-01-01 00:00:00	0.00658461	µg/m3	95.30791789	89.04109589	93.42465753	1	1
RO	RO.ANPM.AQ	NET-RO040A	STA-RO0158A	STA-RO0158A	SPO-RO0158A_00012_100	P1Y	http://dd.eionet.europa.eu/vocabulary/aq/pollutant/12	2013-01-01 00:00:00	2014-01-01 00:00:00	0.01147798	µg/m3	93.25513196	87.12328767	93.42465753	1	1
RO	RO.ANPM.AQ	NET-RO042A	STA-RO0163A	STA-RO0163A	SPO-RO0163A_00012_100	P1Y	http://dd.eionet.europa.eu/vocabulary/aq/pollutant/12	2013-01-01 00:00:00	2014-01-01 00:00:00	0.01559602	µg/m3	88.56304985	82.73972603	93.42465753	1	1
RO	RO.ANPM.AQ	NET-RO016A	STA-RO0066A	STA-RO0066A	SPO-RO0066A_00012_100	P1Y	http://dd.eionet.europa.eu/vocabulary/aq/pollutant/12	2013-01-01 00:00:00	2014-01-01 00:00:00	0.01093984	µg/m3	78.0058651	72.87671233	93.42465753	-1	1
RO	RO.ANPM.AQ	NET-RO047A	STA-RO0179A	STA-RO0179A	SPO-RO0179A_00012_100	P1Y	http://dd.eionet.europa.eu/vocabulary/aq/pollutant/12	2013-01-01 00:00:00	2014-01-01 00:00:00	0.01685393	µg/m3	78.29912023	73.15068493	93.42465753	-1	1
RO	RO.ANPM.AQ	NET-RO047A	STA-RO0180A	STA-RO0180A	SPO-RO0180A_00012_100	P1Y-day-per50	http://dd.eionet.europa.eu/vocabulary/aq/pollutant/12	2013-01-01 00:00:00	2014-01-01 00:00:00	0.01	µg/m3	83.28445748	77.80821918	93.42465753	1	1
RO	RO.ANPM.AQ	NET-RO016A	STA-RO0066A	STA-RO0066A	SPO-RO0066A_00012_100	P1Y-day-per50	http://dd.eionet.europa.eu/vocabulary/aq/pollutant/12	2013-01-01 00:00:00	2014-01-01 00:00:00	0	µg/m3	78.0058651	72.87671233	93.42465753	-1	1
RO	RO.ANPM.AQ	NET-RO025A	STA-RO0108A	STA-RO0108A	SPO-RO0108A_00012_100	P1Y-day-per50	http://dd.eionet.europa.eu/vocabulary/aq/pollutant/12	2013-01-01 00:00:00	2014-01-01 00:00:00	0	µg/m3	90.90909091	84.93150685	93.42465753	1	1
RO	RO.ANPM.AQ	NET-RO037A	STA-RO0207A	STA-RO0207A	SPO-RO0207A_00012_100	P1Y-day-per50	http://dd.eionet.europa.eu/vocabulary/aq/pollutant/12	2013-01-01 00:00:00	2014-01-01 00:00:00	0	µg/m3	77.71260997	72.60273973	93.42465753	-1	1
RO	RO.ANPM.AQ	NET-RO054A	STA-RO0202A	STA-RO0202A	SPO-RO0202A_00012_100	P1Y-day-per50	http://dd.eionet.europa.eu/vocabulary/aq/pollutant/12	2013-01-01 00:00:00	2014-01-01 00:00:00	0	µg/m3	78.0058651	72.87671233	93.42465753	-1	1
RO	RO.ANPM.AQ	NET-RO050A	STA-RO0187A	STA-RO0187A	SPO-RO0187A_00012_100	P1Y-day-per50	http://dd.eionet.europa.eu/vocabulary/aq/pollutant/12	2013-01-01 00:00:00	2014-01-01 00:00:00	0.16	µg/m3	82.99120235	77.53424658	93.42465753	1	1
RO	RO.ANPM.AQ	NET-RO047A	STA-RO0179A	STA-RO0179A	SPO-RO0179A_00012_100	P1Y-day-per50	http://dd.eionet.europa.eu/vocabulary/aq/pollutant/12	2013-01-01 00:00:00	2014-01-01 00:00:00	0.02	µg/m3	78.29912023	73.15068493	93.42465753	-1	1
RO	RO.ANPM.AQ	NET-RO024A	STA-RO0105A	STA-RO0105A	SPO-RO0105A_00012_100	P1Y-day-per50	http://dd.eionet.europa.eu/vocabulary/aq/pollutant/12	2013-01-01 00:00:00	2014-01-01 00:00:00	0.01	µg/m3	87.09677419	81.36986301	93.42465753	1	1
RO	RO.ANPM.AQ	NET-RO053A	STA-RO0198A	STA-RO0198A	SPO-RO0198A_00012_100	P1Y-day-per50	http://dd.eionet.europa.eu/vocabulary/aq/pollutant/12	2013-01-01 00:00:00	2014-01-01 00:00:00	0.01	µg/m3	60.11730205	56.16438356	93.42465753	-1	1
RO	RO.ANPM.AQ	NET-RO041A	STA-RO0159A	STA-RO0159A	SPO-RO0159A_00012_100	P1Y-day-per50	http://dd.eionet.europa.eu/vocabulary/aq/pollutant/12	2013-01-01 00:00:00	2014-01-01 00:00:00	0.01	µg/m3	52.19941349	48.76712329	93.42465753	-1	1
RO	RO.ANPM.AQ	NET-RO040A	STA-RO0158A	STA-RO0158A	SPO-RO0158A_00012_100	P1Y-day-per50	http://dd.eionet.europa.eu/vocabulary/aq/pollutant/12	2013-01-01 00:00:00	2014-01-01 00:00:00	0.01	µg/m3	93.25513196	87.12328767	93.42465753	1	1
RO	RO.ANPM.AQ	NET-RO040A	STA-RO0155A	STA-RO0155A	SPO-RO0155A_00012_100	P1Y-day-per50	http://dd.eionet.europa.eu/vocabulary/aq/pollutant/12	2013-01-01 00:00:00	2014-01-01 00:00:00	0.01	µg/m3	88.85630499	83.01369863	93.42465753	1	1
RO	RO.ANPM.AQ	NET-RO014A	STA-RO0125A	STA-RO0125A	SPO-RO0125A_00012_100	P1Y-day-per50	http://dd.eionet.europa.eu/vocabulary/aq/pollutant/12	2013-01-01 00:00:00	2014-01-01 00:00:00	0.01	µg/m3	66.27565982	61.91780822	93.42465753	-1	1
RO	RO.ANPM.AQ	NET-RO019A	STA-RO0086A	STA-RO0086A	SPO-RO0086A_00012_100	P1Y-day-per50	http://dd.eionet.europa.eu/vocabulary/aq/pollutant/12	2013-01-01 00:00:00	2014-01-01 00:00:00	0.01	µg/m3	98.24046921	91.78082192	93.42465753	1	1
RO	RO.ANPM.AQ	NET-RO038A	STA-RO0151A	STA-RO0151A	SPO-RO0151A_00012_100	P1Y-day-per50	http://dd.eionet.europa.eu/vocabulary/aq/pollutant/12	2013-01-01 00:00:00	2014-01-01 00:00:00	0	µg/m3	93.84164223	87.67123288	93.42465753	1	1
RO	RO.ANPM.AQ	NET-RO036A	STA-RO0141A	STA-RO0141A	SPO-RO0141A_00012_100	P1Y-day-per50	http://dd.eionet.europa.eu/vocabulary/aq/pollutant/12	2013-01-01 00:00:00	2014-01-01 00:00:00	0.01	µg/m3	78.0058651	72.87671233	93.42465753	-1	1
RO	RO.ANPM.AQ	NET-RO023A	STA-RO0103A	STA-RO0103A	SPO-RO0103A_00012_100	P1Y-day-per50	http://dd.eionet.europa.eu/vocabulary/aq/pollutant/12	2013-01-01 00:00:00	2014-01-01 00:00:00	0.01	µg/m3	95.30791789	89.04109589	93.42465753	1	1
RO	RO.ANPM.AQ	NET-RO016A	STA-RO0065A	STA-RO0065A	SPO-RO0065A_00012_100	P1Y-day-per50	http://dd.eionet.europa.eu/vocabulary/aq/pollutant/12	2013-01-01 00:00:00	2014-01-01 00:00:00	0	µg/m3	59.2920354	55.06849315	92.87671233	-1	1
RO	RO.ANPM.AQ	NET-RO051A	STA-RO0008R	STA-RO0008R	SPO-RO0008R_00012_100	P1Y-day-per50	http://dd.eionet.europa.eu/vocabulary/aq/pollutant/12	2013-01-01 00:00:00	2014-01-01 00:00:00	0	µg/m3	65.98240469	61.64383562	93.42465753	-1	1
RO	RO.ANPM.AQ	NET-RO042A	STA-RO0161A	STA-RO0161A	SPO-RO0161A_00012_100	P1Y-day-per50	http://dd.eionet.europa.eu/vocabulary/aq/pollutant/12	2013-01-01 00:00:00	2014-01-01 00:00:00	0.01	µg/m3	88.56304985	82.73972603	93.42465753	1	1
RO	RO.ANPM.AQ	NET-RO023A	STA-RO0099A	STA-RO0099A	SPO-RO0099A_00012_100	P1Y-day-per50	http://dd.eionet.europa.eu/vocabulary/aq/pollutant/12	2013-01-01 00:00:00	2014-01-01 00:00:00	0.01	µg/m3	76.24633431	71.23287671	93.42465753	-1	1
RO	RO.ANPM.AQ	NET-RO040A	STA-RO0154A	STA-RO0154A	SPO-RO0154A_00012_100	P1Y-day-per50	http://dd.eionet.europa.eu/vocabulary/aq/pollutant/12	2013-01-01 00:00:00	2014-01-01 00:00:00	0.01	µg/m3	90.90909091	84.93150685	93.42465753	1	1
RO	RO.ANPM.AQ	NET-RO053A	STA-RO0195A	STA-RO0195A	SPO-RO0195A_00012_100	P1Y-day-per50	http://dd.eionet.europa.eu/vocabulary/aq/pollutant/12	2013-01-01 00:00:00	2014-01-01 00:00:00	0.01	µg/m3	86.51026393	80.82191781	93.42465753	1	1
RO	RO.ANPM.AQ	NET-RO046A	STA-RO0174A	STA-RO0174A	SPO-RO0174A_00012_100	P1Y-day-per50	http://dd.eionet.europa.eu/vocabulary/aq/pollutant/12	2013-01-01 00:00:00	2014-01-01 00:00:00	0.01	µg/m3	66.27565982	61.91780822	93.42465753	-1	1
RO	RO.ANPM.AQ	NET-RO029A	STA-RO0120A	STA-RO0120A	SPO-RO0120A_00012_100	P1Y-day-per50	http://dd.eionet.europa.eu/vocabulary/aq/pollutant/12	2013-01-01 00:00:00	2014-01-01 00:00:00	0.01	µg/m3	84.16422287	78.63013699	93.42465753	1	1
RO	RO.ANPM.AQ	NET-RO047A	STA-RO0177A	STA-RO0177A	SPO-RO0177A_00012_100	P1Y-day-per50	http://dd.eionet.europa.eu/vocabulary/aq/pollutant/12	2013-01-01 00:00:00	2014-01-01 00:00:00	0.01	µg/m3	95.60117302	89.31506849	93.42465753	1	1
RO	RO.ANPM.AQ	NET-RO038A	STA-RO0152A	STA-RO0152A	SPO-RO0152A_00012_100	P1Y-day-per50	http://dd.eionet.europa.eu/vocabulary/aq/pollutant/12	2013-01-01 00:00:00	2014-01-01 00:00:00	0	µg/m3	77.41935484	72.32876712	93.42465753	-1	1
RO	RO.ANPM.AQ	NET-RO042A	STA-RO0162A	STA-RO0162A	SPO-RO0162A_00012_100	P1Y-day-per50	http://dd.eionet.europa.eu/vocabulary/aq/pollutant/12	2013-01-01 00:00:00	2014-01-01 00:00:00	0.01	µg/m3	78.8856305	73.69863014	93.42465753	-1	1
RO	RO.ANPM.AQ	NET-RO029A	STA-RO0121A	STA-RO0121A	SPO-RO0121A_00012_100	P1Y-day-per50	http://dd.eionet.europa.eu/vocabulary/aq/pollutant/12	2013-01-01 00:00:00	2014-01-01 00:00:00	0.01	µg/m3	80.64516129	75.34246575	93.42465753	1	1
RO	RO.ANPM.AQ	NET-RO053A	STA-RO0193A	STA-RO0193A	SPO-RO0193A_00012_100	P1Y-day-per50	http://dd.eionet.europa.eu/vocabulary/aq/pollutant/12	2013-01-01 00:00:00	2014-01-01 00:00:00	0.01	µg/m3	88.56304985	82.73972603	93.42465753	1	1
RO	RO.ANPM.AQ	NET-RO016A	STA-RO0071A	STA-RO0071A	SPO-RO0071A_00012_100	P1Y-day-per50	http://dd.eionet.europa.eu/vocabulary/aq/pollutant/12	2013-01-01 00:00:00	2014-01-01 00:00:00	0	µg/m3	66.27565982	61.91780822	93.42465753	-1	1
RO	RO.ANPM.AQ	NET-RO053A	STA-RO0197A	STA-RO0197A	SPO-RO0197A_00012_100	P1Y-day-per50	http://dd.eionet.europa.eu/vocabulary/aq/pollutant/12	2013-01-01 00:00:00	2014-01-01 00:00:00	0.02	µg/m3	94.42815249	88.21917808	93.42465753	1	1
RO	RO.ANPM.AQ	NET-RO047A	STA-RO0175A	STA-RO0175A	SPO-RO0175A_00012_100	P1Y-day-per50	http://dd.eionet.europa.eu/vocabulary/aq/pollutant/12	2013-01-01 00:00:00	2014-01-01 00:00:00	0.01	µg/m3	98.53372434	92.05479452	93.42465753	1	1
RO	RO.ANPM.AQ	NET-RO016A	STA-RO0068A	STA-RO0068A	SPO-RO0068A_00012_100	P1Y-day-per50	http://dd.eionet.europa.eu/vocabulary/aq/pollutant/12	2013-01-01 00:00:00	2014-01-01 00:00:00	0	µg/m3	83.28445748	77.80821918	93.42465753	1	1
RO	RO.ANPM.AQ	NET-RO054A	STA-RO0200A	STA-RO0200A	SPO-RO0200A_00012_100	P1Y-day-per50	http://dd.eionet.europa.eu/vocabulary/aq/pollutant/12	2013-01-01 00:00:00	2014-01-01 00:00:00	0.01	µg/m3	74.78005865	69.8630137	93.42465753	-1	1
RO	RO.ANPM.AQ	NET-RO042A	STA-RO0163A	STA-RO0163A	SPO-RO0163A_00012_100	P1Y-day-per50	http://dd.eionet.europa.eu/vocabulary/aq/pollutant/12	2013-01-01 00:00:00	2014-01-01 00:00:00	0.01	µg/m3	88.56304985	82.73972603	93.42465753	1	1
RO	RO.ANPM.AQ	NET-RO019A	STA-RO0083A	STA-RO0083A	SPO-RO0083A_00012_100	P1Y-day-per50	http://dd.eionet.europa.eu/vocabulary/aq/pollutant/12	2013-01-01 00:00:00	2014-01-01 00:00:00	0.03	µg/m3	80.35190616	75.06849315	93.42465753	1	1
RO	RO.ANPM.AQ	NET-RO024A	STA-RO0104A	STA-RO0104A	SPO-RO0104A_00012_100	P1Y-day-per50	http://dd.eionet.europa.eu/vocabulary/aq/pollutant/12	2013-01-01 00:00:00	2014-01-01 00:00:00	0.01	µg/m3	81.23167155	75.89041096	93.42465753	1	1
RO	RO.ANPM.AQ	NET-RO051A	STA-RO0008R	STA-RO0008R	SPO-RO0008R_00012_100	P1Y-day-max	http://dd.eionet.europa.eu/vocabulary/aq/pollutant/12	2013-01-01 00:00:00	2014-01-01 00:00:00	0.01	µg/m3	65.98240469	61.64383562	93.42465753	-1	1
RO	RO.ANPM.AQ	NET-RO016A	STA-RO0071A	STA-RO0071A	SPO-RO0071A_00012_100	P1Y-day-max	http://dd.eionet.europa.eu/vocabulary/aq/pollutant/12	2013-01-01 00:00:00	2014-01-01 00:00:00	0.13	µg/m3	66.27565982	61.91780822	93.42465753	-1	1
RO	RO.ANPM.AQ	NET-RO037A	STA-RO0207A	STA-RO0207A	SPO-RO0207A_00012_100	P1Y-day-max	http://dd.eionet.europa.eu/vocabulary/aq/pollutant/12	2013-01-01 00:00:00	2014-01-01 00:00:00	0.01	µg/m3	77.71260997	72.60273973	93.42465753	-1	1
RO	RO.ANPM.AQ	NET-RO038A	STA-RO0152A	STA-RO0152A	SPO-RO0152A_00012_100	P1Y-day-max	http://dd.eionet.europa.eu/vocabulary/aq/pollutant/12	2013-01-01 00:00:00	2014-01-01 00:00:00	0.04	µg/m3	77.41935484	72.32876712	93.42465753	-1	1
RO	RO.ANPM.AQ	NET-RO047A	STA-RO0175A	STA-RO0175A	SPO-RO0175A_00012_100	P1Y-day-max	http://dd.eionet.europa.eu/vocabulary/aq/pollutant/12	2013-01-01 00:00:00	2014-01-01 00:00:00	0.04	µg/m3	98.53372434	92.05479452	93.42465753	1	1
RO	RO.ANPM.AQ	NET-RO042A	STA-RO0161A	STA-RO0161A	SPO-RO0161A_00012_100	P1Y-day-max	http://dd.eionet.europa.eu/vocabulary/aq/pollutant/12	2013-01-01 00:00:00	2014-01-01 00:00:00	0.07	µg/m3	88.56304985	82.73972603	93.42465753	1	1
RO	RO.ANPM.AQ	NET-RO019A	STA-RO0083A	STA-RO0083A	SPO-RO0083A_00012_100	P1Y-day-max	http://dd.eionet.europa.eu/vocabulary/aq/pollutant/12	2013-01-01 00:00:00	2014-01-01 00:00:00	0.18	µg/m3	80.35190616	75.06849315	93.42465753	1	1
RO	RO.ANPM.AQ	NET-RO053A	STA-RO0198A	STA-RO0198A	SPO-RO0198A_00012_100	P1Y-day-max	http://dd.eionet.europa.eu/vocabulary/aq/pollutant/12	2013-01-01 00:00:00	2014-01-01 00:00:00	0.03	µg/m3	60.11730205	56.16438356	93.42465753	-1	1
RO	RO.ANPM.AQ	NET-RO053A	STA-RO0195A	STA-RO0195A	SPO-RO0195A_00012_100	P1Y-day-max	http://dd.eionet.europa.eu/vocabulary/aq/pollutant/12	2013-01-01 00:00:00	2014-01-01 00:00:00	0.03	µg/m3	86.51026393	80.82191781	93.42465753	1	1
RO	RO.ANPM.AQ	NET-RO047A	STA-RO0180A	STA-RO0180A	SPO-RO0180A_00012_100	P1Y-day-max	http://dd.eionet.europa.eu/vocabulary/aq/pollutant/12	2013-01-01 00:00:00	2014-01-01 00:00:00	0.04	µg/m3	83.28445748	77.80821918	93.42465753	1	1
RO	RO.ANPM.AQ	NET-RO024A	STA-RO0105A	STA-RO0105A	SPO-RO0105A_00012_100	P1Y-day-max	http://dd.eionet.europa.eu/vocabulary/aq/pollutant/12	2013-01-01 00:00:00	2014-01-01 00:00:00	0.03	µg/m3	87.09677419	81.36986301	93.42465753	1	1
RO	RO.ANPM.AQ	NET-RO054A	STA-RO0202A	STA-RO0202A	SPO-RO0202A_00012_100	P1Y-day-max	http://dd.eionet.europa.eu/vocabulary/aq/pollutant/12	2013-01-01 00:00:00	2014-01-01 00:00:00	0.04	µg/m3	78.0058651	72.87671233	93.42465753	-1	1
RO	RO.ANPM.AQ	NET-RO016A	STA-RO0065A	STA-RO0065A	SPO-RO0065A_00012_100	P1Y-day-max	http://dd.eionet.europa.eu/vocabulary/aq/pollutant/12	2013-01-01 00:00:00	2014-01-01 00:00:00	0.1	µg/m3	59.2920354	55.06849315	92.87671233	-1	1
RO	RO.ANPM.AQ	NET-RO024A	STA-RO0104A	STA-RO0104A	SPO-RO0104A_00012_100	P1Y-day-max	http://dd.eionet.europa.eu/vocabulary/aq/pollutant/12	2013-01-01 00:00:00	2014-01-01 00:00:00	0.03	µg/m3	81.23167155	75.89041096	93.42465753	1	1
RO	RO.ANPM.AQ	NET-RO053A	STA-RO0197A	STA-RO0197A	SPO-RO0197A_00012_100	P1Y-day-max	http://dd.eionet.europa.eu/vocabulary/aq/pollutant/12	2013-01-01 00:00:00	2014-01-01 00:00:00	0.05	µg/m3	94.42815249	88.21917808	93.42465753	1	1
RO	RO.ANPM.AQ	NET-RO040A	STA-RO0154A	STA-RO0154A	SPO-RO0154A_00012_100	P1Y-day-max	http://dd.eionet.europa.eu/vocabulary/aq/pollutant/12	2013-01-01 00:00:00	2014-01-01 00:00:00	0.06	µg/m3	90.90909091	84.93150685	93.42465753	1	1
RO	RO.ANPM.AQ	NET-RO016A	STA-RO0068A	STA-RO0068A	SPO-RO0068A_00012_100	P1Y-day-max	http://dd.eionet.europa.eu/vocabulary/aq/pollutant/12	2013-01-01 00:00:00	2014-01-01 00:00:00	0.11	µg/m3	83.28445748	77.80821918	93.42465753	1	1
RO	RO.ANPM.AQ	NET-RO036A	STA-RO0141A	STA-RO0141A	SPO-RO0141A_00012_100	P1Y-day-max	http://dd.eionet.europa.eu/vocabulary/aq/pollutant/12	2013-01-01 00:00:00	2014-01-01 00:00:00	0.16	µg/m3	78.0058651	72.87671233	93.42465753	-1	1
RO	RO.ANPM.AQ	NET-RO047A	STA-RO0177A	STA-RO0177A	SPO-RO0177A_00012_100	P1Y-day-max	http://dd.eionet.europa.eu/vocabulary/aq/pollutant/12	2013-01-01 00:00:00	2014-01-01 00:00:00	0.04	µg/m3	95.60117302	89.31506849	93.42465753	1	1
RO	RO.ANPM.AQ	NET-RO038A	STA-RO0151A	STA-RO0151A	SPO-RO0151A_00012_100	P1Y-day-max	http://dd.eionet.europa.eu/vocabulary/aq/pollutant/12	2013-01-01 00:00:00	2014-01-01 00:00:00	0.04	µg/m3	93.84164223	87.67123288	93.42465753	1	1
RO	RO.ANPM.AQ	NET-RO041A	STA-RO0159A	STA-RO0159A	SPO-RO0159A_00012_100	P1Y-day-max	http://dd.eionet.europa.eu/vocabulary/aq/pollutant/12	2013-01-01 00:00:00	2014-01-01 00:00:00	0.03	µg/m3	52.19941349	48.76712329	93.42465753	-1	1
RO	RO.ANPM.AQ	NET-RO014A	STA-RO0125A	STA-RO0125A	SPO-RO0125A_00012_100	P1Y-day-max	http://dd.eionet.europa.eu/vocabulary/aq/pollutant/12	2013-01-01 00:00:00	2014-01-01 00:00:00	0.05	µg/m3	66.27565982	61.91780822	93.42465753	-1	1
RO	RO.ANPM.AQ	NET-RO023A	STA-RO0099A	STA-RO0099A	SPO-RO0099A_00012_100	P1Y-day-max	http://dd.eionet.europa.eu/vocabulary/aq/pollutant/12	2013-01-01 00:00:00	2014-01-01 00:00:00	0.06	µg/m3	76.24633431	71.23287671	93.42465753	-1	1
RO	RO.ANPM.AQ	NET-RO029A	STA-RO0120A	STA-RO0120A	SPO-RO0120A_00012_100	P1Y-day-max	http://dd.eionet.europa.eu/vocabulary/aq/pollutant/12	2013-01-01 00:00:00	2014-01-01 00:00:00	0.16	µg/m3	84.16422287	78.63013699	93.42465753	1	1
RO	RO.ANPM.AQ	NET-RO029A	STA-RO0121A	STA-RO0121A	SPO-RO0121A_00012_100	P1Y-day-max	http://dd.eionet.europa.eu/vocabulary/aq/pollutant/12	2013-01-01 00:00:00	2014-01-01 00:00:00	0.07	µg/m3	80.64516129	75.34246575	93.42465753	1	1
RO	RO.ANPM.AQ	NET-RO054A	STA-RO0200A	STA-RO0200A	SPO-RO0200A_00012_100	P1Y-day-max	http://dd.eionet.europa.eu/vocabulary/aq/pollutant/12	2013-01-01 00:00:00	2014-01-01 00:00:00	0.05	µg/m3	74.78005865	69.8630137	93.42465753	-1	1
RO	RO.ANPM.AQ	NET-RO053A	STA-RO0193A	STA-RO0193A	SPO-RO0193A_00012_100	P1Y-day-max	http://dd.eionet.europa.eu/vocabulary/aq/pollutant/12	2013-01-01 00:00:00	2014-01-01 00:00:00	0.03	µg/m3	88.56304985	82.73972603	93.42465753	1	1
RO	RO.ANPM.AQ	NET-RO025A	STA-RO0108A	STA-RO0108A	SPO-RO0108A_00012_100	P1Y-day-max	http://dd.eionet.europa.eu/vocabulary/aq/pollutant/12	2013-01-01 00:00:00	2014-01-01 00:00:00	0.02	µg/m3	90.90909091	84.93150685	93.42465753	1	1
RO	RO.ANPM.AQ	NET-RO046A	STA-RO0174A	STA-RO0174A	SPO-RO0174A_00012_100	P1Y-day-max	http://dd.eionet.europa.eu/vocabulary/aq/pollutant/12	2013-01-01 00:00:00	2014-01-01 00:00:00	0.65	µg/m3	66.27565982	61.91780822	93.42465753	-1	1
RO	RO.ANPM.AQ	NET-RO019A	STA-RO0086A	STA-RO0086A	SPO-RO0086A_00012_100	P1Y-day-max	http://dd.eionet.europa.eu/vocabulary/aq/pollutant/12	2013-01-01 00:00:00	2014-01-01 00:00:00	0.07	µg/m3	98.24046921	91.78082192	93.42465753	1	1
RO	RO.ANPM.AQ	NET-RO040A	STA-RO0155A	STA-RO0155A	SPO-RO0155A_00012_100	P1Y-day-max	http://dd.eionet.europa.eu/vocabulary/aq/pollutant/12	2013-01-01 00:00:00	2014-01-01 00:00:00	0.08	µg/m3	88.85630499	83.01369863	93.42465753	1	1
RO	RO.ANPM.AQ	NET-RO042A	STA-RO0162A	STA-RO0162A	SPO-RO0162A_00012_100	P1Y-day-max	http://dd.eionet.europa.eu/vocabulary/aq/pollutant/12	2013-01-01 00:00:00	2014-01-01 00:00:00	0.12	µg/m3	78.8856305	73.69863014	93.42465753	-1	1
RO	RO.ANPM.AQ	NET-RO050A	STA-RO0187A	STA-RO0187A	SPO-RO0187A_00012_100	P1Y-day-max	http://dd.eionet.europa.eu/vocabulary/aq/pollutant/12	2013-01-01 00:00:00	2014-01-01 00:00:00	2.09	µg/m3	82.99120235	77.53424658	93.42465753	1	1
RO	RO.ANPM.AQ	NET-RO023A	STA-RO0103A	STA-RO0103A	SPO-RO0103A_00012_100	P1Y-day-max	http://dd.eionet.europa.eu/vocabulary/aq/pollutant/12	2013-01-01 00:00:00	2014-01-01 00:00:00	0.05	µg/m3	95.30791789	89.04109589	93.42465753	1	1
RO	RO.ANPM.AQ	NET-RO042A	STA-RO0163A	STA-RO0163A	SPO-RO0163A_00012_100	P1Y-day-max	http://dd.eionet.europa.eu/vocabulary/aq/pollutant/12	2013-01-01 00:00:00	2014-01-01 00:00:00	0.07	µg/m3	88.56304985	82.73972603	93.42465753	1	1
RO	RO.ANPM.AQ	NET-RO040A	STA-RO0158A	STA-RO0158A	SPO-RO0158A_00012_100	P1Y-day-max	http://dd.eionet.europa.eu/vocabulary/aq/pollutant/12	2013-01-01 00:00:00	2014-01-01 00:00:00	0.06	µg/m3	93.25513196	87.12328767	93.42465753	1	1
RO	RO.ANPM.AQ	NET-RO047A	STA-RO0179A	STA-RO0179A	SPO-RO0179A_00012_100	P1Y-day-max	http://dd.eionet.europa.eu/vocabulary/aq/pollutant/12	2013-01-01 00:00:00	2014-01-01 00:00:00	0.04	µg/m3	78.29912023	73.15068493	93.42465753	-1	1
RO	RO.ANPM.AQ	NET-RO016A	STA-RO0066A	STA-RO0066A	SPO-RO0066A_00012_100	P1Y-day-max	http://dd.eionet.europa.eu/vocabulary/aq/pollutant/12	2013-01-01 00:00:00	2014-01-01 00:00:00	0.3	µg/m3	78.0058651	72.87671233	93.42465753	-1	1
RO	RO.ANPM.AQ	NET-RO051A	STA-RO0008R	STA-RO0008R	SPO-RO0008R_00012_100	P1Y-day-min	http://dd.eionet.europa.eu/vocabulary/aq/pollutant/12	2013-01-01 00:00:00	2014-01-01 00:00:00	0	µg/m3	65.98240469	61.64383562	93.42465753	-1	1
RO	RO.ANPM.AQ	NET-RO016A	STA-RO0071A	STA-RO0071A	SPO-RO0071A_00012_100	P1Y-day-min	http://dd.eionet.europa.eu/vocabulary/aq/pollutant/12	2013-01-01 00:00:00	2014-01-01 00:00:00	0	µg/m3	66.27565982	61.91780822	93.42465753	-1	1
RO	RO.ANPM.AQ	NET-RO037A	STA-RO0207A	STA-RO0207A	SPO-RO0207A_00012_100	P1Y-day-min	http://dd.eionet.europa.eu/vocabulary/aq/pollutant/12	2013-01-01 00:00:00	2014-01-01 00:00:00	0	µg/m3	77.71260997	72.60273973	93.42465753	-1	1
RO	RO.ANPM.AQ	NET-RO038A	STA-RO0152A	STA-RO0152A	SPO-RO0152A_00012_100	P1Y-day-min	http://dd.eionet.europa.eu/vocabulary/aq/pollutant/12	2013-01-01 00:00:00	2014-01-01 00:00:00	0	µg/m3	77.41935484	72.32876712	93.42465753	-1	1
RO	RO.ANPM.AQ	NET-RO047A	STA-RO0175A	STA-RO0175A	SPO-RO0175A_00012_100	P1Y-day-min	http://dd.eionet.europa.eu/vocabulary/aq/pollutant/12	2013-01-01 00:00:00	2014-01-01 00:00:00	0	µg/m3	98.53372434	92.05479452	93.42465753	1	1
RO	RO.ANPM.AQ	NET-RO042A	STA-RO0161A	STA-RO0161A	SPO-RO0161A_00012_100	P1Y-day-min	http://dd.eionet.europa.eu/vocabulary/aq/pollutant/12	2013-01-01 00:00:00	2014-01-01 00:00:00	0	µg/m3	88.56304985	82.73972603	93.42465753	1	1
RO	RO.ANPM.AQ	NET-RO019A	STA-RO0083A	STA-RO0083A	SPO-RO0083A_00012_100	P1Y-day-min	http://dd.eionet.europa.eu/vocabulary/aq/pollutant/12	2013-01-01 00:00:00	2014-01-01 00:00:00	0.01	µg/m3	80.35190616	75.06849315	93.42465753	1	1
RO	RO.ANPM.AQ	NET-RO053A	STA-RO0198A	STA-RO0198A	SPO-RO0198A_00012_100	P1Y-day-min	http://dd.eionet.europa.eu/vocabulary/aq/pollutant/12	2013-01-01 00:00:00	2014-01-01 00:00:00	0	µg/m3	60.11730205	56.16438356	93.42465753	-1	1
RO	RO.ANPM.AQ	NET-RO053A	STA-RO0195A	STA-RO0195A	SPO-RO0195A_00012_100	P1Y-day-min	http://dd.eionet.europa.eu/vocabulary/aq/pollutant/12	2013-01-01 00:00:00	2014-01-01 00:00:00	0	µg/m3	86.51026393	80.82191781	93.42465753	1	1
RO	RO.ANPM.AQ	NET-RO047A	STA-RO0180A	STA-RO0180A	SPO-RO0180A_00012_100	P1Y-day-min	http://dd.eionet.europa.eu/vocabulary/aq/pollutant/12	2013-01-01 00:00:00	2014-01-01 00:00:00	0.01	µg/m3	83.28445748	77.80821918	93.42465753	1	1
RO	RO.ANPM.AQ	NET-RO024A	STA-RO0105A	STA-RO0105A	SPO-RO0105A_00012_100	P1Y-day-min	http://dd.eionet.europa.eu/vocabulary/aq/pollutant/12	2013-01-01 00:00:00	2014-01-01 00:00:00	0	µg/m3	87.09677419	81.36986301	93.42465753	1	1
RO	RO.ANPM.AQ	NET-RO054A	STA-RO0202A	STA-RO0202A	SPO-RO0202A_00012_100	P1Y-day-min	http://dd.eionet.europa.eu/vocabulary/aq/pollutant/12	2013-01-01 00:00:00	2014-01-01 00:00:00	0	µg/m3	78.0058651	72.87671233	93.42465753	-1	1
RO	RO.ANPM.AQ	NET-RO016A	STA-RO0065A	STA-RO0065A	SPO-RO0065A_00012_100	P1Y-day-min	http://dd.eionet.europa.eu/vocabulary/aq/pollutant/12	2013-01-01 00:00:00	2014-01-01 00:00:00	0	µg/m3	59.2920354	55.06849315	92.87671233	-1	1
RO	RO.ANPM.AQ	NET-RO024A	STA-RO0104A	STA-RO0104A	SPO-RO0104A_00012_100	P1Y-day-min	http://dd.eionet.europa.eu/vocabulary/aq/pollutant/12	2013-01-01 00:00:00	2014-01-01 00:00:00	0	µg/m3	81.23167155	75.89041096	93.42465753	1	1
RO	RO.ANPM.AQ	NET-RO053A	STA-RO0197A	STA-RO0197A	SPO-RO0197A_00012_100	P1Y-day-min	http://dd.eionet.europa.eu/vocabulary/aq/pollutant/12	2013-01-01 00:00:00	2014-01-01 00:00:00	0	µg/m3	94.42815249	88.21917808	93.42465753	1	1
RO	RO.ANPM.AQ	NET-RO040A	STA-RO0154A	STA-RO0154A	SPO-RO0154A_00012_100	P1Y-day-min	http://dd.eionet.europa.eu/vocabulary/aq/pollutant/12	2013-01-01 00:00:00	2014-01-01 00:00:00	0	µg/m3	90.90909091	84.93150685	93.42465753	1	1
RO	RO.ANPM.AQ	NET-RO016A	STA-RO0068A	STA-RO0068A	SPO-RO0068A_00012_100	P1Y-day-min	http://dd.eionet.europa.eu/vocabulary/aq/pollutant/12	2013-01-01 00:00:00	2014-01-01 00:00:00	0	µg/m3	83.28445748	77.80821918	93.42465753	1	1
RO	RO.ANPM.AQ	NET-RO036A	STA-RO0141A	STA-RO0141A	SPO-RO0141A_00012_100	P1Y-day-min	http://dd.eionet.europa.eu/vocabulary/aq/pollutant/12	2013-01-01 00:00:00	2014-01-01 00:00:00	0	µg/m3	78.0058651	72.87671233	93.42465753	-1	1
RO	RO.ANPM.AQ	NET-RO047A	STA-RO0177A	STA-RO0177A	SPO-RO0177A_00012_100	P1Y-day-min	http://dd.eionet.europa.eu/vocabulary/aq/pollutant/12	2013-01-01 00:00:00	2014-01-01 00:00:00	0.01	µg/m3	95.60117302	89.31506849	93.42465753	1	1
RO	RO.ANPM.AQ	NET-RO038A	STA-RO0151A	STA-RO0151A	SPO-RO0151A_00012_100	P1Y-day-min	http://dd.eionet.europa.eu/vocabulary/aq/pollutant/12	2013-01-01 00:00:00	2014-01-01 00:00:00	0	µg/m3	93.84164223	87.67123288	93.42465753	1	1
RO	RO.ANPM.AQ	NET-RO041A	STA-RO0159A	STA-RO0159A	SPO-RO0159A_00012_100	P1Y-day-min	http://dd.eionet.europa.eu/vocabulary/aq/pollutant/12	2013-01-01 00:00:00	2014-01-01 00:00:00	0	µg/m3	52.19941349	48.76712329	93.42465753	-1	1
RO	RO.ANPM.AQ	NET-RO014A	STA-RO0125A	STA-RO0125A	SPO-RO0125A_00012_100	P1Y-day-min	http://dd.eionet.europa.eu/vocabulary/aq/pollutant/12	2013-01-01 00:00:00	2014-01-01 00:00:00	0	µg/m3	66.27565982	61.91780822	93.42465753	-1	1
RO	RO.ANPM.AQ	NET-RO023A	STA-RO0099A	STA-RO0099A	SPO-RO0099A_00012_100	P1Y-day-min	http://dd.eionet.europa.eu/vocabulary/aq/pollutant/12	2013-01-01 00:00:00	2014-01-01 00:00:00	0	µg/m3	76.24633431	71.23287671	93.42465753	-1	1
RO	RO.ANPM.AQ	NET-RO029A	STA-RO0120A	STA-RO0120A	SPO-RO0120A_00012_100	P1Y-day-min	http://dd.eionet.europa.eu/vocabulary/aq/pollutant/12	2013-01-01 00:00:00	2014-01-01 00:00:00	0	µg/m3	84.16422287	78.63013699	93.42465753	1	1
RO	RO.ANPM.AQ	NET-RO029A	STA-RO0121A	STA-RO0121A	SPO-RO0121A_00012_100	P1Y-day-min	http://dd.eionet.europa.eu/vocabulary/aq/pollutant/12	2013-01-01 00:00:00	2014-01-01 00:00:00	0	µg/m3	80.64516129	75.34246575	93.42465753	1	1
RO	RO.ANPM.AQ	NET-RO054A	STA-RO0200A	STA-RO0200A	SPO-RO0200A_00012_100	P1Y-day-min	http://dd.eionet.europa.eu/vocabulary/aq/pollutant/12	2013-01-01 00:00:00	2014-01-01 00:00:00	0	µg/m3	74.78005865	69.8630137	93.42465753	-1	1
RO	RO.ANPM.AQ	NET-RO053A	STA-RO0193A	STA-RO0193A	SPO-RO0193A_00012_100	P1Y-day-min	http://dd.eionet.europa.eu/vocabulary/aq/pollutant/12	2013-01-01 00:00:00	2014-01-01 00:00:00	0	µg/m3	88.56304985	82.73972603	93.42465753	1	1
RO	RO.ANPM.AQ	NET-RO025A	STA-RO0108A	STA-RO0108A	SPO-RO0108A_00012_100	P1Y-day-min	http://dd.eionet.europa.eu/vocabulary/aq/pollutant/12	2013-01-01 00:00:00	2014-01-01 00:00:00	0	µg/m3	90.90909091	84.93150685	93.42465753	1	1
RO	RO.ANPM.AQ	NET-RO046A	STA-RO0174A	STA-RO0174A	SPO-RO0174A_00012_100	P1Y-day-min	http://dd.eionet.europa.eu/vocabulary/aq/pollutant/12	2013-01-01 00:00:00	2014-01-01 00:00:00	0	µg/m3	66.27565982	61.91780822	93.42465753	-1	1
RO	RO.ANPM.AQ	NET-RO019A	STA-RO0086A	STA-RO0086A	SPO-RO0086A_00012_100	P1Y-day-min	http://dd.eionet.europa.eu/vocabulary/aq/pollutant/12	2013-01-01 00:00:00	2014-01-01 00:00:00	0	µg/m3	98.24046921	91.78082192	93.42465753	1	1
RO	RO.ANPM.AQ	NET-RO040A	STA-RO0155A	STA-RO0155A	SPO-RO0155A_00012_100	P1Y-day-min	http://dd.eionet.europa.eu/vocabulary/aq/pollutant/12	2013-01-01 00:00:00	2014-01-01 00:00:00	0	µg/m3	88.85630499	83.01369863	93.42465753	1	1
RO	RO.ANPM.AQ	NET-RO042A	STA-RO0162A	STA-RO0162A	SPO-RO0162A_00012_100	P1Y-day-min	http://dd.eionet.europa.eu/vocabulary/aq/pollutant/12	2013-01-01 00:00:00	2014-01-01 00:00:00	0	µg/m3	78.8856305	73.69863014	93.42465753	-1	1
RO	RO.ANPM.AQ	NET-RO050A	STA-RO0187A	STA-RO0187A	SPO-RO0187A_00012_100	P1Y-day-min	http://dd.eionet.europa.eu/vocabulary/aq/pollutant/12	2013-01-01 00:00:00	2014-01-01 00:00:00	0	µg/m3	82.99120235	77.53424658	93.42465753	1	1
RO	RO.ANPM.AQ	NET-RO023A	STA-RO0103A	STA-RO0103A	SPO-RO0103A_00012_100	P1Y-day-min	http://dd.eionet.europa.eu/vocabulary/aq/pollutant/12	2013-01-01 00:00:00	2014-01-01 00:00:00	0	µg/m3	95.30791789	89.04109589	93.42465753	1	1
RO	RO.ANPM.AQ	NET-RO042A	STA-RO0163A	STA-RO0163A	SPO-RO0163A_00012_100	P1Y-day-min	http://dd.eionet.europa.eu/vocabulary/aq/pollutant/12	2013-01-01 00:00:00	2014-01-01 00:00:00	0	µg/m3	88.56304985	82.73972603	93.42465753	1	1
RO	RO.ANPM.AQ	NET-RO040A	STA-RO0158A	STA-RO0158A	SPO-RO0158A_00012_100	P1Y-day-min	http://dd.eionet.europa.eu/vocabulary/aq/pollutant/12	2013-01-01 00:00:00	2014-01-01 00:00:00	0	µg/m3	93.25513196	87.12328767	93.42465753	1	1
RO	RO.ANPM.AQ	NET-RO047A	STA-RO0179A	STA-RO0179A	SPO-RO0179A_00012_100	P1Y-day-min	http://dd.eionet.europa.eu/vocabulary/aq/pollutant/12	2013-01-01 00:00:00	2014-01-01 00:00:00	0.01	µg/m3	78.29912023	73.15068493	93.42465753	-1	1
RO	RO.ANPM.AQ	NET-RO016A	STA-RO0066A	STA-RO0066A	SPO-RO0066A_00012_100	P1Y-day-min	http://dd.eionet.europa.eu/vocabulary/aq/pollutant/12	2013-01-01 00:00:00	2014-01-01 00:00:00	0	µg/m3	78.0058651	72.87671233	93.42465753	-1	1
