Countrycode	Namespace	AirQualityNetwork	AirQualityStationEoICode	AirQualityStation	SamplingPoint	DataAggregationProcess	AirPollutantCode	DatetimeBegin	DatetimeEnd	AirPollutionLevel	UnitOfAirPollutionLevel	DataCapture	DataCoverage	TimeCoverage	Validity	Verification
RO	RO.ANPM.AQ	NET-RO016A	STA-RO0072A	STA-RO0072A	SPO-RO0072A_06001_100	P1Y	http://dd.eionet.europa.eu/vocabulary/aq/pollutant/6001	2013-01-01 00:00:00	2014-01-01 00:00:00	16.35526315	µg/m3	66.86217009	62.46575342	93.42465753	-1	1
RO	RO.ANPM.AQ	NET-RO016A	STA-RO0072A	STA-RO0072A	SPO-RO0072A_06001_100	P1Y-day-max	http://dd.eionet.europa.eu/vocabulary/aq/pollutant/6001	2013-01-01 00:00:00	2014-01-01 00:00:00	85	µg/m3	66.86217009	62.46575342	93.42465753	-1	1
RO	RO.ANPM.AQ	NET-RO016A	STA-RO0072A	STA-RO0072A	SPO-RO0072A_06001_100	P1Y-day-min	http://dd.eionet.europa.eu/vocabulary/aq/pollutant/6001	2013-01-01 00:00:00	2014-01-01 00:00:00	1	µg/m3	66.86217009	62.46575342	93.42465753	-1	1
RO	RO.ANPM.AQ	NET-RO016A	STA-RO0072A	STA-RO0072A	SPO-RO0072A_06001_100	P1Y-day-per50	http://dd.eionet.europa.eu/vocabulary/aq/pollutant/6001	2013-01-01 00:00:00	2014-01-01 00:00:00	13	µg/m3	66.86217009	62.46575342	93.42465753	-1	1
RO	RO.ANPM.AQ	NET-RO017A	STA-RO0074A	STA-RO0074A	SPO-RO0074A_06001_100	P1Y	http://dd.eionet.europa.eu/vocabulary/aq/pollutant/6001	2013-01-01 00:00:00	2014-01-01 00:00:00	11.58204166	µg/m3	70.38123167	65.75342466	93.42465753	-1	1
RO	RO.ANPM.AQ	NET-RO017A	STA-RO0074A	STA-RO0074A	SPO-RO0074A_06001_100	P1Y-day-max	http://dd.eionet.europa.eu/vocabulary/aq/pollutant/6001	2013-01-01 00:00:00	2014-01-01 00:00:00	46.05	µg/m3	70.38123167	65.75342466	93.42465753	-1	1
RO	RO.ANPM.AQ	NET-RO017A	STA-RO0074A	STA-RO0074A	SPO-RO0074A_06001_100	P1Y-day-min	http://dd.eionet.europa.eu/vocabulary/aq/pollutant/6001	2013-01-01 00:00:00	2014-01-01 00:00:00	1.45	µg/m3	70.38123167	65.75342466	93.42465753	-1	1
RO	RO.ANPM.AQ	NET-RO017A	STA-RO0074A	STA-RO0074A	SPO-RO0074A_06001_100	P1Y-day-per50	http://dd.eionet.europa.eu/vocabulary/aq/pollutant/6001	2013-01-01 00:00:00	2014-01-01 00:00:00	8.52	µg/m3	70.38123167	65.75342466	93.42465753	-1	1
RO	RO.ANPM.AQ	NET-RO019A	STA-RO0084A	STA-RO0084A	SPO-RO0084A_06001_100	P1Y	http://dd.eionet.europa.eu/vocabulary/aq/pollutant/6001	2013-01-01 00:00:00	2014-01-01 00:00:00	19.51741176	µg/m3	99.70674487	93.15068493	93.42465753	1	1
RO	RO.ANPM.AQ	NET-RO019A	STA-RO0084A	STA-RO0084A	SPO-RO0084A_06001_100	P1Y-day-max	http://dd.eionet.europa.eu/vocabulary/aq/pollutant/6001	2013-01-01 00:00:00	2014-01-01 00:00:00	69.13	µg/m3	99.70674487	93.15068493	93.42465753	1	1
RO	RO.ANPM.AQ	NET-RO019A	STA-RO0084A	STA-RO0084A	SPO-RO0084A_06001_100	P1Y-day-min	http://dd.eionet.europa.eu/vocabulary/aq/pollutant/6001	2013-01-01 00:00:00	2014-01-01 00:00:00	2	µg/m3	99.70674487	93.15068493	93.42465753	1	1
RO	RO.ANPM.AQ	NET-RO019A	STA-RO0084A	STA-RO0084A	SPO-RO0084A_06001_100	P1Y-day-per50	http://dd.eionet.europa.eu/vocabulary/aq/pollutant/6001	2013-01-01 00:00:00	2014-01-01 00:00:00	16.45	µg/m3	99.70674487	93.15068493	93.42465753	1	1
RO	RO.ANPM.AQ	NET-RO022A	STA-RO0096A	STA-RO0096A	SPO-RO0096A_06001_100	P1Y	http://dd.eionet.europa.eu/vocabulary/aq/pollutant/6001	2013-01-01 00:00:00	2014-01-01 00:00:00	17.31102564	µg/m3	80.05865103	74.79452055	93.42465753	1	1
RO	RO.ANPM.AQ	NET-RO022A	STA-RO0096A	STA-RO0096A	SPO-RO0096A_06001_100	P1Y-day-max	http://dd.eionet.europa.eu/vocabulary/aq/pollutant/6001	2013-01-01 00:00:00	2014-01-01 00:00:00	49.14	µg/m3	80.05865103	74.79452055	93.42465753	1	1
RO	RO.ANPM.AQ	NET-RO022A	STA-RO0096A	STA-RO0096A	SPO-RO0096A_06001_100	P1Y-day-min	http://dd.eionet.europa.eu/vocabulary/aq/pollutant/6001	2013-01-01 00:00:00	2014-01-01 00:00:00	2.5	µg/m3	80.05865103	74.79452055	93.42465753	1	1
RO	RO.ANPM.AQ	NET-RO022A	STA-RO0096A	STA-RO0096A	SPO-RO0096A_06001_100	P1Y-day-per50	http://dd.eionet.europa.eu/vocabulary/aq/pollutant/6001	2013-01-01 00:00:00	2014-01-01 00:00:00	14.23	µg/m3	80.05865103	74.79452055	93.42465753	1	1
RO	RO.ANPM.AQ	NET-RO023A	STA-RO0099A	STA-RO0099A	SPO-RO0099A_06001_100	P1Y	http://dd.eionet.europa.eu/vocabulary/aq/pollutant/6001	2013-01-01 00:00:00	2014-01-01 00:00:00	14.30515625	µg/m3	75.07331378	70.1369863	93.42465753	-1	1
RO	RO.ANPM.AQ	NET-RO023A	STA-RO0099A	STA-RO0099A	SPO-RO0099A_06001_100	P1Y-day-max	http://dd.eionet.europa.eu/vocabulary/aq/pollutant/6001	2013-01-01 00:00:00	2014-01-01 00:00:00	66.65	µg/m3	75.07331378	70.1369863	93.42465753	-1	1
RO	RO.ANPM.AQ	NET-RO023A	STA-RO0099A	STA-RO0099A	SPO-RO0099A_06001_100	P1Y-day-min	http://dd.eionet.europa.eu/vocabulary/aq/pollutant/6001	2013-01-01 00:00:00	2014-01-01 00:00:00	1.09	µg/m3	75.07331378	70.1369863	93.42465753	-1	1
RO	RO.ANPM.AQ	NET-RO023A	STA-RO0099A	STA-RO0099A	SPO-RO0099A_06001_100	P1Y-day-per50	http://dd.eionet.europa.eu/vocabulary/aq/pollutant/6001	2013-01-01 00:00:00	2014-01-01 00:00:00	12.02	µg/m3	75.07331378	70.1369863	93.42465753	-1	1
RO	RO.ANPM.AQ	NET-RO024A	STA-RO0104A	STA-RO0104A	SPO-RO0104A_06001_100	P1Y	http://dd.eionet.europa.eu/vocabulary/aq/pollutant/6001	2013-01-01 00:00:00	2014-01-01 00:00:00	12.99222748	µg/m3	61.87683284	57.80821918	93.42465753	-1	1
RO	RO.ANPM.AQ	NET-RO024A	STA-RO0104A	STA-RO0104A	SPO-RO0104A_06001_100	P1Y-day-max	http://dd.eionet.europa.eu/vocabulary/aq/pollutant/6001	2013-01-01 00:00:00	2014-01-01 00:00:00	24.71	µg/m3	61.87683284	57.80821918	93.42465753	-1	1
RO	RO.ANPM.AQ	NET-RO024A	STA-RO0104A	STA-RO0104A	SPO-RO0104A_06001_100	P1Y-day-min	http://dd.eionet.europa.eu/vocabulary/aq/pollutant/6001	2013-01-01 00:00:00	2014-01-01 00:00:00	4.44	µg/m3	61.87683284	57.80821918	93.42465753	-1	1
RO	RO.ANPM.AQ	NET-RO024A	STA-RO0104A	STA-RO0104A	SPO-RO0104A_06001_100	P1Y-day-per50	http://dd.eionet.europa.eu/vocabulary/aq/pollutant/6001	2013-01-01 00:00:00	2014-01-01 00:00:00	12.08	µg/m3	61.87683284	57.80821918	93.42465753	-1	1
RO	RO.ANPM.AQ	NET-RO027A	STA-RO0112A	STA-RO0112A	SPO-RO0112A_06001_100	P1Y	http://dd.eionet.europa.eu/vocabulary/aq/pollutant/6001	2013-01-01 00:00:00	2014-01-01 00:00:00	20.87405904	µg/m3	79.47214076	74.24657534	93.42465753	-1	1
RO	RO.ANPM.AQ	NET-RO027A	STA-RO0112A	STA-RO0112A	SPO-RO0112A_06001_100	P1Y-day-max	http://dd.eionet.europa.eu/vocabulary/aq/pollutant/6001	2013-01-01 00:00:00	2014-01-01 00:00:00	70.1	µg/m3	79.47214076	74.24657534	93.42465753	-1	1
RO	RO.ANPM.AQ	NET-RO027A	STA-RO0112A	STA-RO0112A	SPO-RO0112A_06001_100	P1Y-day-min	http://dd.eionet.europa.eu/vocabulary/aq/pollutant/6001	2013-01-01 00:00:00	2014-01-01 00:00:00	1.46	µg/m3	79.47214076	74.24657534	93.42465753	-1	1
RO	RO.ANPM.AQ	NET-RO027A	STA-RO0112A	STA-RO0112A	SPO-RO0112A_06001_100	P1Y-day-per50	http://dd.eionet.europa.eu/vocabulary/aq/pollutant/6001	2013-01-01 00:00:00	2014-01-01 00:00:00	18.44	µg/m3	79.47214076	74.24657534	93.42465753	-1	1
RO	RO.ANPM.AQ	NET-RO029A	STA-RO0119A	STA-RO0119A	SPO-RO0119A_06001_100	P1Y	http://dd.eionet.europa.eu/vocabulary/aq/pollutant/6001	2013-01-01 00:00:00	2014-01-01 00:00:00	15.22334437	µg/m3	88.56304985	82.73972603	93.42465753	1	1
RO	RO.ANPM.AQ	NET-RO029A	STA-RO0119A	STA-RO0119A	SPO-RO0119A_06001_100	P1Y-day-max	http://dd.eionet.europa.eu/vocabulary/aq/pollutant/6001	2013-01-01 00:00:00	2014-01-01 00:00:00	118.19	µg/m3	88.56304985	82.73972603	93.42465753	1	1
RO	RO.ANPM.AQ	NET-RO029A	STA-RO0119A	STA-RO0119A	SPO-RO0119A_06001_100	P1Y-day-min	http://dd.eionet.europa.eu/vocabulary/aq/pollutant/6001	2013-01-01 00:00:00	2014-01-01 00:00:00	1.54	µg/m3	88.56304985	82.73972603	93.42465753	1	1
RO	RO.ANPM.AQ	NET-RO029A	STA-RO0119A	STA-RO0119A	SPO-RO0119A_06001_100	P1Y-day-per50	http://dd.eionet.europa.eu/vocabulary/aq/pollutant/6001	2013-01-01 00:00:00	2014-01-01 00:00:00	12.34	µg/m3	88.56304985	82.73972603	93.42465753	1	1
RO	RO.ANPM.AQ	NET-RO030A	STA-RO0123A	STA-RO0123A	SPO-RO0123A_06001_100	P1Y	http://dd.eionet.europa.eu/vocabulary/aq/pollutant/6001	2013-01-01 00:00:00	2014-01-01 00:00:00	20.55975609	µg/m3	72.14076246	67.39726027	93.42465753	-1	1
RO	RO.ANPM.AQ	NET-RO030A	STA-RO0123A	STA-RO0123A	SPO-RO0123A_06001_100	P1Y-day-max	http://dd.eionet.europa.eu/vocabulary/aq/pollutant/6001	2013-01-01 00:00:00	2014-01-01 00:00:00	129.5	µg/m3	72.14076246	67.39726027	93.42465753	-1	1
RO	RO.ANPM.AQ	NET-RO030A	STA-RO0123A	STA-RO0123A	SPO-RO0123A_06001_100	P1Y-day-min	http://dd.eionet.europa.eu/vocabulary/aq/pollutant/6001	2013-01-01 00:00:00	2014-01-01 00:00:00	0.73	µg/m3	72.14076246	67.39726027	93.42465753	-1	1
RO	RO.ANPM.AQ	NET-RO030A	STA-RO0123A	STA-RO0123A	SPO-RO0123A_06001_100	P1Y-day-per50	http://dd.eionet.europa.eu/vocabulary/aq/pollutant/6001	2013-01-01 00:00:00	2014-01-01 00:00:00	15.32	µg/m3	72.14076246	67.39726027	93.42465753	-1	1
RO	RO.ANPM.AQ	NET-RO033A	STA-RO0132A	STA-RO0132A	SPO-RO0132A_06001_100	P1Y	http://dd.eionet.europa.eu/vocabulary/aq/pollutant/6001	2013-01-01 00:00:00	2014-01-01 00:00:00	13.40490196	µg/m3	74.78005865	69.8630137	93.42465753	-1	1
RO	RO.ANPM.AQ	NET-RO033A	STA-RO0132A	STA-RO0132A	SPO-RO0132A_06001_100	P1Y-day-max	http://dd.eionet.europa.eu/vocabulary/aq/pollutant/6001	2013-01-01 00:00:00	2014-01-01 00:00:00	49.06	µg/m3	74.78005865	69.8630137	93.42465753	-1	1
RO	RO.ANPM.AQ	NET-RO033A	STA-RO0132A	STA-RO0132A	SPO-RO0132A_06001_100	P1Y-day-min	http://dd.eionet.europa.eu/vocabulary/aq/pollutant/6001	2013-01-01 00:00:00	2014-01-01 00:00:00	0.73	µg/m3	74.78005865	69.8630137	93.42465753	-1	1
RO	RO.ANPM.AQ	NET-RO033A	STA-RO0132A	STA-RO0132A	SPO-RO0132A_06001_100	P1Y-day-per50	http://dd.eionet.europa.eu/vocabulary/aq/pollutant/6001	2013-01-01 00:00:00	2014-01-01 00:00:00	12.9	µg/m3	74.78005865	69.8630137	93.42465753	-1	1
RO	RO.ANPM.AQ	NET-RO036A	STA-RO0142A	STA-RO0142A	SPO-RO0142A_06001_100	P1Y	http://dd.eionet.europa.eu/vocabulary/aq/pollutant/6001	2013-01-01 00:00:00	2014-01-01 00:00:00	7.80479452	µg/m3	85.63049853	80	93.42465753	1	1
RO	RO.ANPM.AQ	NET-RO036A	STA-RO0142A	STA-RO0142A	SPO-RO0142A_06001_100	P1Y-day-max	http://dd.eionet.europa.eu/vocabulary/aq/pollutant/6001	2013-01-01 00:00:00	2014-01-01 00:00:00	11.89	µg/m3	85.63049853	80	93.42465753	1	1
RO	RO.ANPM.AQ	NET-RO036A	STA-RO0142A	STA-RO0142A	SPO-RO0142A_06001_100	P1Y-day-min	http://dd.eionet.europa.eu/vocabulary/aq/pollutant/6001	2013-01-01 00:00:00	2014-01-01 00:00:00	3.87	µg/m3	85.63049853	80	93.42465753	1	1
RO	RO.ANPM.AQ	NET-RO036A	STA-RO0142A	STA-RO0142A	SPO-RO0142A_06001_100	P1Y-day-per50	http://dd.eionet.europa.eu/vocabulary/aq/pollutant/6001	2013-01-01 00:00:00	2014-01-01 00:00:00	7.68	µg/m3	85.63049853	80	93.42465753	1	1
RO	RO.ANPM.AQ	NET-RO039A	STA-RO0153A	STA-RO0153A	SPO-RO0153A_06001_100	P1Y	http://dd.eionet.europa.eu/vocabulary/aq/pollutant/6001	2013-01-01 00:00:00	2014-01-01 00:00:00	26.19504823	µg/m3	91.20234604	85.20547945	93.42465753	1	1
RO	RO.ANPM.AQ	NET-RO039A	STA-RO0153A	STA-RO0153A	SPO-RO0153A_06001_100	P1Y-day-max	http://dd.eionet.europa.eu/vocabulary/aq/pollutant/6001	2013-01-01 00:00:00	2014-01-01 00:00:00	236.45	µg/m3	91.20234604	85.20547945	93.42465753	1	1
RO	RO.ANPM.AQ	NET-RO039A	STA-RO0153A	STA-RO0153A	SPO-RO0153A_06001_100	P1Y-day-min	http://dd.eionet.europa.eu/vocabulary/aq/pollutant/6001	2013-01-01 00:00:00	2014-01-01 00:00:00	0.36	µg/m3	91.20234604	85.20547945	93.42465753	1	1
RO	RO.ANPM.AQ	NET-RO039A	STA-RO0153A	STA-RO0153A	SPO-RO0153A_06001_100	P1Y-day-per50	http://dd.eionet.europa.eu/vocabulary/aq/pollutant/6001	2013-01-01 00:00:00	2014-01-01 00:00:00	13.01	µg/m3	91.20234604	85.20547945	93.42465753	1	1
RO	RO.ANPM.AQ	NET-RO042A	STA-RO0162A	STA-RO0162A	SPO-RO0162A_06001_100	P1Y	http://dd.eionet.europa.eu/vocabulary/aq/pollutant/6001	2013-01-01 00:00:00	2014-01-01 00:00:00	18.83772241	µg/m3	82.40469208	76.98630137	93.42465753	1	1
RO	RO.ANPM.AQ	NET-RO042A	STA-RO0162A	STA-RO0162A	SPO-RO0162A_06001_100	P1Y-day-max	http://dd.eionet.europa.eu/vocabulary/aq/pollutant/6001	2013-01-01 00:00:00	2014-01-01 00:00:00	103.8	µg/m3	82.40469208	76.98630137	93.42465753	1	1
RO	RO.ANPM.AQ	NET-RO042A	STA-RO0162A	STA-RO0162A	SPO-RO0162A_06001_100	P1Y-day-min	http://dd.eionet.europa.eu/vocabulary/aq/pollutant/6001	2013-01-01 00:00:00	2014-01-01 00:00:00	2.7	µg/m3	82.40469208	76.98630137	93.42465753	1	1
RO	RO.ANPM.AQ	NET-RO042A	STA-RO0162A	STA-RO0162A	SPO-RO0162A_06001_100	P1Y-day-per50	http://dd.eionet.europa.eu/vocabulary/aq/pollutant/6001	2013-01-01 00:00:00	2014-01-01 00:00:00	14.9	µg/m3	82.40469208	76.98630137	93.42465753	1	1
RO	RO.ANPM.AQ	NET-RO043A	STA-RO0166A	STA-RO0166A	SPO-RO0166A_06001_100	P1Y	http://dd.eionet.europa.eu/vocabulary/aq/pollutant/6001	2013-01-01 00:00:00	2014-01-01 00:00:00	20.84435797	µg/m3	75.36656891	70.4109589	93.42465753	-1	1
RO	RO.ANPM.AQ	NET-RO043A	STA-RO0166A	STA-RO0166A	SPO-RO0166A_06001_100	P1Y-day-max	http://dd.eionet.europa.eu/vocabulary/aq/pollutant/6001	2013-01-01 00:00:00	2014-01-01 00:00:00	80	µg/m3	75.36656891	70.4109589	93.42465753	-1	1
RO	RO.ANPM.AQ	NET-RO043A	STA-RO0166A	STA-RO0166A	SPO-RO0166A_06001_100	P1Y-day-min	http://dd.eionet.europa.eu/vocabulary/aq/pollutant/6001	2013-01-01 00:00:00	2014-01-01 00:00:00	3	µg/m3	75.36656891	70.4109589	93.42465753	-1	1
RO	RO.ANPM.AQ	NET-RO043A	STA-RO0166A	STA-RO0166A	SPO-RO0166A_06001_100	P1Y-day-per50	http://dd.eionet.europa.eu/vocabulary/aq/pollutant/6001	2013-01-01 00:00:00	2014-01-01 00:00:00	18	µg/m3	75.36656891	70.4109589	93.42465753	-1	1
RO	RO.ANPM.AQ	NET-RO047A	STA-RO0176A	STA-RO0176A	SPO-RO0176A_06001_100	P1Y	http://dd.eionet.europa.eu/vocabulary/aq/pollutant/6001	2013-01-01 00:00:00	2014-01-01 00:00:00	17.70434782	µg/m3	94.42815249	88.21917808	93.42465753	1	1
RO	RO.ANPM.AQ	NET-RO047A	STA-RO0176A	STA-RO0176A	SPO-RO0176A_06001_100	P1Y-day-max	http://dd.eionet.europa.eu/vocabulary/aq/pollutant/6001	2013-01-01 00:00:00	2014-01-01 00:00:00	53.79	µg/m3	94.42815249	88.21917808	93.42465753	1	1
RO	RO.ANPM.AQ	NET-RO047A	STA-RO0176A	STA-RO0176A	SPO-RO0176A_06001_100	P1Y-day-min	http://dd.eionet.europa.eu/vocabulary/aq/pollutant/6001	2013-01-01 00:00:00	2014-01-01 00:00:00	3.27	µg/m3	94.42815249	88.21917808	93.42465753	1	1
RO	RO.ANPM.AQ	NET-RO047A	STA-RO0176A	STA-RO0176A	SPO-RO0176A_06001_100	P1Y-day-per50	http://dd.eionet.europa.eu/vocabulary/aq/pollutant/6001	2013-01-01 00:00:00	2014-01-01 00:00:00	14.36	µg/m3	94.42815249	88.21917808	93.42465753	1	1
RO	RO.ANPM.AQ	NET-RO049A	STA-RO0182A	STA-RO0182A	SPO-RO0182A_06001_100	P1Y	http://dd.eionet.europa.eu/vocabulary/aq/pollutant/6001	2013-01-01 00:00:00	2014-01-01 00:00:00	16.14321554	µg/m3	82.99120235	77.53424658	93.42465753	1	1
RO	RO.ANPM.AQ	NET-RO049A	STA-RO0182A	STA-RO0182A	SPO-RO0182A_06001_100	P1Y-day-max	http://dd.eionet.europa.eu/vocabulary/aq/pollutant/6001	2013-01-01 00:00:00	2014-01-01 00:00:00	44.65	µg/m3	82.99120235	77.53424658	93.42465753	1	1
RO	RO.ANPM.AQ	NET-RO049A	STA-RO0182A	STA-RO0182A	SPO-RO0182A_06001_100	P1Y-day-min	http://dd.eionet.europa.eu/vocabulary/aq/pollutant/6001	2013-01-01 00:00:00	2014-01-01 00:00:00	0	µg/m3	82.99120235	77.53424658	93.42465753	1	1
RO	RO.ANPM.AQ	NET-RO049A	STA-RO0182A	STA-RO0182A	SPO-RO0182A_06001_100	P1Y-day-per50	http://dd.eionet.europa.eu/vocabulary/aq/pollutant/6001	2013-01-01 00:00:00	2014-01-01 00:00:00	14.22	µg/m3	82.99120235	77.53424658	93.42465753	1	1
RO	RO.ANPM.AQ	NET-RO051A	STA-RO0188A	STA-RO0188A	SPO-RO0188A_06001_100	P1Y	http://dd.eionet.europa.eu/vocabulary/aq/pollutant/6001	2013-01-01 00:00:00	2014-01-01 00:00:00	20.54747311	µg/m3	54.54545455	50.95890411	93.42465753	-1	1
RO	RO.ANPM.AQ	NET-RO051A	STA-RO0188A	STA-RO0188A	SPO-RO0188A_06001_100	P1Y-day-max	http://dd.eionet.europa.eu/vocabulary/aq/pollutant/6001	2013-01-01 00:00:00	2014-01-01 00:00:00	125.19	µg/m3	54.54545455	50.95890411	93.42465753	-1	1
RO	RO.ANPM.AQ	NET-RO051A	STA-RO0188A	STA-RO0188A	SPO-RO0188A_06001_100	P1Y-day-min	http://dd.eionet.europa.eu/vocabulary/aq/pollutant/6001	2013-01-01 00:00:00	2014-01-01 00:00:00	1.28	µg/m3	54.54545455	50.95890411	93.42465753	-1	1
RO	RO.ANPM.AQ	NET-RO051A	STA-RO0188A	STA-RO0188A	SPO-RO0188A_06001_100	P1Y-day-per50	http://dd.eionet.europa.eu/vocabulary/aq/pollutant/6001	2013-01-01 00:00:00	2014-01-01 00:00:00	14.95	µg/m3	54.54545455	50.95890411	93.42465753	-1	1
RO	RO.ANPM.AQ	NET-RO053A	STA-RO0194A	STA-RO0194A	SPO-RO0194A_06001_100	P1Y	http://dd.eionet.europa.eu/vocabulary/aq/pollutant/6001	2013-01-01 00:00:00	2014-01-01 00:00:00	12.21859872	µg/m3	92.08211144	86.02739726	93.42465753	1	1
RO	RO.ANPM.AQ	NET-RO053A	STA-RO0194A	STA-RO0194A	SPO-RO0194A_06001_100	P1Y-day-max	http://dd.eionet.europa.eu/vocabulary/aq/pollutant/6001	2013-01-01 00:00:00	2014-01-01 00:00:00	46.69	µg/m3	92.08211144	86.02739726	93.42465753	1	1
RO	RO.ANPM.AQ	NET-RO053A	STA-RO0194A	STA-RO0194A	SPO-RO0194A_06001_100	P1Y-day-min	http://dd.eionet.europa.eu/vocabulary/aq/pollutant/6001	2013-01-01 00:00:00	2014-01-01 00:00:00	1.64	µg/m3	92.08211144	86.02739726	93.42465753	1	1
RO	RO.ANPM.AQ	NET-RO053A	STA-RO0194A	STA-RO0194A	SPO-RO0194A_06001_100	P1Y-day-per50	http://dd.eionet.europa.eu/vocabulary/aq/pollutant/6001	2013-01-01 00:00:00	2014-01-01 00:00:00	11.17	µg/m3	92.08211144	86.02739726	93.42465753	1	1
